license#,,gender,racing age,Road Cat
405,,F,43,2
425,,M,43,2
503,,M,43,2
521,,M,45,2
568,,M,44,2
661,,F,45,1
662,,M,51,3
755,,M,40,2
801,,M,40,4
1316,,M,39,5
1399,,M,44,1
1688,,M,59,2
1768,,M,55,5
1769,,M,58,5
1963,,M,44,5
2076,,M,49,4
2395,,M,45,4
2494,,M,43,4
2741,,M,42,3
2760,,M,54,5
2900,,M,50,3
2905,,M,46,4
2964,,F,44,4
3192,,M,55,4
3198,,M,38,5
3487,,M,48,3
3543,,M,56,4
3544,,F,56,3
3914,,M,49,3
4311,,M,41,2
4465,,M,53,3
4509,,M,50,3
4526,,M,43,1
4838,,M,48,1
4879,,M,55,3
4965,,M,58,3
5094,,M,59,4
5256,,M,53,2
5345,,M,51,5
5490,,M,58,4
5859,,M,45,5
5924,,M,47,3
6002,,M,45,3
6060,,M,44,5
6151,,M,42,2
6229,,M,45,2
6422,,M,47,3
6571,,M,57,4
6646,,M,55,3
6697,,M,47,3
6835,,M,49,2
6842,,M,46,5
6888,,M,66,4
7200,,M,50,2
7487,,M,59,3
7642,,M,45,3
7731,,F,44,2
7863,,M,53,4
7881,,M,45,3
7956,,M,44,3
8025,,M,61,5
8150,,M,45,3
8261,,M,51,5
8359,,M,53,2
8454,,M,38,3
9046,,M,48,2
9138,,M,46,2
9150,,M,48,1
9168,,M,45,5
9335,,M,58,3
9524,,M,45,2
9558,,M,46,2
9617,,M,40,2
9660,,M,41,5
10046,,F,44,1
10319,,M,41,4
10382,,M,50,3
10559,,M,54,3
11212,,M,57,3
11267,,M,57,4
11347,,M,71,5
11364,,M,49,4
11648,,M,44,2
11707,,M,64,2
11765,,M,36,2
11849,,M,54,5
11877,,M,43,2
11946,,M,46,2
11978,,M,45,3
12357,,M,72,3
12565,,M,46,3
12682,,M,67,2
12799,,M,62,3
12902,,M,49,4
12965,,M,49,1
13001,,M,52,2
13042,,M,57,2
13247,,M,57,4
13480,,M,46,2
13594,,M,57,3
13762,,M,58,3
13916,,M,44,3
13937,,M,48,2
14069,,M,54,3
14102,,M,40,4
14310,,M,48,4
14484,,M,61,2
14641,,F,57,4
14655,,M,52,5
15270,,M,49,4
15385,,M,49,5
15612,,M,48,2
15661,,M,57,2
15679,,M,53,4
15729,,M,43,2
15827,,M,68,2
16168,,M,47,5
16249,,M,44,4
16369,,M,44,1
16401,,M,47,2
16403,,M,51,4
16595,,M,56,4
16603,,M,60,3
16663,,M,48,4
16935,,M,50,2
17062,,M,69,5
17154,,M,50,1
17359,,M,69,3
17460,,M,54,3
17590,,M,36,1
17778,,F,58,3
17952,,M,52,1
17995,,M,48,3
18004,,M,42,3
18670,,M,54,4
18754,,M,64,3
18867,,M,50,3
19274,,M,73,3
19309,,M,44,4
19682,,M,47,3
19782,,M,51,5
19805,,M,54,5
20004,,M,51,2
20017,,F,52,1
20105,,M,44,2
20284,,M,50,3
20326,,M,61,2
20327,,M,52,2
20332,,M,41,3
20368,,F,60,3
20467,,M,62,5
20630,,M,52,3
20634,,M,46,3
20758,,M,52,5
20897,,M,51,4
21257,,M,62,3
21485,,M,45,4
21612,,M,62,2
21629,,M,59,4
21760,,M,40,1
21830,,M,58,4
21861,,M,46,2
21896,,M,54,2
21932,,M,45,3
21959,,M,46,4
22166,,M,53,3
22517,,M,58,3
22565,,M,56,1
22722,,M,57,4
22744,,M,46,2
22761,,M,52,4
23184,,M,38,5
23350,,M,51,3
23487,,M,41,1
23548,,M,44,4
23560,,M,47,5
23691,,M,50,4
23775,,M,45,2
23832,,M,42,3
23838,,M,64,4
23850,,M,46,4
23961,,M,54,2
24015,,M,44,4
24098,,M,48,3
24268,,M,57,4
24477,,M,51,3
24723,,M,51,3
24781,,M,58,2
24891,,F,55,4
25151,,M,56,3
25592,,M,49,2
25593,,M,47,4
25636,,M,48,2
25655,,M,52,1
25743,,M,56,1
26028,,M,49,4
26205,,M,56,1
26239,,M,42,3
26782,,M,44,4
26822,,M,49,4
26838,,M,47,4
26875,,M,50,4
26888,,M,44,1
26920,,M,45,1
26982,,M,56,3
27283,,M,45,3
27378,,M,51,2
27450,,M,47,4
27452,,M,52,3
27493,,M,46,3
27564,,M,47,5
27937,,M,68,3
28134,,M,38,3
28533,,M,50,1
29404,,M,51,3
29458,,M,54,3
29606,,M,48,4
30039,,M,48,5
30073,,M,52,2
30110,,M,45,2
30184,,M,56,5
30191,,M,39,2
30269,,M,66,2
30439,,M,48,3
30514,,M,44,2
30719,,M,45,4
30899,,M,57,5
31332,,M,45,1
31617,,M,45,2
31921,,M,35,5
32519,,M,50,4
32554,,M,52,1
33024,,F,48,2
33087,,M,52,2
33092,,M,52,2
33491,,M,44,2
33746,,M,48,4
34228,,M,48,1
34341,,M,39,5
34392,,M,51,3
34714,,M,54,3
34787,,M,40,2
34910,,M,55,2
34993,,M,42,5
35042,,M,46,3
35241,,M,55,2
35297,,M,46,1
35445,,M,45,5
35561,,M,47,3
35606,,M,54,4
35623,,M,51,3
35925,,M,50,4
35982,,M,44,4
36009,,M,53,1
36095,,M,49,3
36247,,M,53,5
36393,,M,51,3
36629,,M,68,5
36660,,M,42,4
36682,,M,47,3
36721,,M,51,4
36779,,M,56,4
36997,,M,41,5
37037,,M,41,3
37272,,M,52,3
37286,,M,53,5
37417,,M,40,4
37453,,M,52,5
37636,,M,45,1
37831,,M,53,4
38109,,M,54,3
38165,,M,45,1
38323,,M,51,1
38396,,M,52,4
38466,,M,60,2
38747,,M,49,3
38840,,M,48,3
38980,,M,51,1
39191,,M,49,4
39296,,F,48,1
39334,,M,63,4
39478,,M,54,2
40039,,M,60,1
40227,,M,53,4
40408,,M,39,2
40450,,M,43,2
40497,,M,43,2
40499,,M,45,1
40519,,M,42,1
40616,,M,46,3
40657,,M,51,2
40678,,M,46,3
40708,,F,57,2
40855,,M,49,4
41019,,M,48,4
41192,,M,43,2
41320,,M,42,4
41335,,M,42,3
41600,,M,50,2
41718,,M,42,3
41826,,M,42,3
41848,,M,44,2
41981,,M,49,5
42254,,F,51,4
42306,,M,43,3
42391,,M,50,5
42770,,M,42,2
43029,,M,42,2
43151,,M,40,3
43445,,M,40,2
43936,,M,51,3
44186,,M,40,3
45010,,M,57,3
45018,,M,62,2
45020,,M,61,3
45071,,M,68,2
45097,,M,78,2
45136,,M,68,3
45217,,M,74,2
45254,,F,57,2
45293,,M,71,2
45299,,F,58,2
45315,,M,73,3
45367,,M,60,3
45398,,M,80,4
45506,,M,58,3
45626,,M,73,3
45629,,M,52,2
45699,,M,69,3
45712,,M,71,2
45789,,M,63,3
45837,,M,64,2
45922,,M,58,2
46023,,M,55,2
46033,,M,75,2
46040,,M,53,2
46089,,M,57,3
46099,,M,50,2
46151,,M,56,3
46157,,M,52,1
46241,,M,49,2
46408,,M,62,4
46480,,M,61,2
46493,,M,69,2
46799,,M,65,2
46815,,M,46,1
46922,,F,63,3
46954,,M,50,4
46996,,M,56,2
47024,,M,52,2
47073,,M,53,3
47085,,M,52,3
47091,,M,47,1
47096,,M,51,2
47169,,M,49,2
47303,,M,51,2
47386,,M,54,2
47388,,M,47,1
47423,,F,64,3
47424,,M,45,1
47463,,M,50,2
47494,,M,49,4
47505,,M,54,2
47519,,M,53,1
47556,,M,52,3
47564,,M,45,3
47813,,M,54,4
47828,,M,54,3
47947,,M,46,3
48100,,M,46,2
48177,,M,47,3
48193,,M,53,4
48284,,M,54,2
48288,,M,49,2
48389,,M,58,3
48416,,M,59,2
48419,,M,54,2
48431,,F,48,2
48481,,F,71,4
48492,,M,64,3
48510,,M,60,3
48649,,M,51,2
48861,,M,45,4
48984,,M,46,2
49243,,F,50,1
49341,,M,52,4
49344,,M,45,2
49355,,M,46,3
49467,,M,44,2
49753,,M,60,4
49804,,M,49,2
49949,,M,68,3
49950,,M,48,3
50011,,M,45,3
50248,,M,54,3
50393,,M,58,3
50565,,M,50,2
50576,,M,44,2
50578,,M,61,3
50620,,M,46,2
50640,,M,39,1
50662,,M,37,3
50815,,M,58,3
50886,,M,50,2
51073,,M,41,4
51092,,M,45,3
51105,,M,67,4
51130,,M,55,4
51158,,M,63,3
51166,,M,43,3
51197,,M,58,4
51271,,M,60,4
51289,,M,42,3
51411,,M,44,2
51430,,M,43,3
51447,,M,54,2
51551,,M,65,3
51558,,M,59,3
51637,,M,57,2
51644,,M,49,3
51731,,M,60,3
51773,,M,43,1
51872,,M,59,3
51892,,M,62,2
52268,,M,58,2
52437,,M,59,3
52696,,M,48,2
52800,,M,64,2
52805,,M,40,2
52809,,M,63,3
52843,,M,42,1
52849,,M,44,2
53043,,M,59,3
53081,,M,73,4
53115,,M,46,2
53375,,M,41,3
53377,,M,52,2
53501,,M,45,2
53651,,M,50,3
53661,,M,56,2
53736,,M,42,4
53787,,M,45,3
53811,,M,49,4
53815,,M,51,3
53873,,M,56,4
53946,,M,46,1
54032,,M,58,3
54476,,M,52,3
54548,,M,52,3
54565,,M,42,2
54591,,M,44,1
54640,,M,61,4
54686,,M,42,1
54692,,M,60,2
54789,,M,38,2
54852,,M,62,4
54895,,M,43,2
55025,,M,51,3
55050,,M,44,2
55123,,M,50,2
55200,,M,54,4
55217,,M,47,3
55240,,F,55,2
55276,,M,42,3
55300,,M,48,4
55374,,M,63,3
55496,,M,47,3
55625,,M,48,2
55661,,M,49,3
56017,,M,58,3
56304,,M,49,4
56320,,M,45,2
56721,,M,50,3
57185,,M,47,3
57191,,M,52,4
57241,,M,43,3
57261,,M,40,1
57307,,M,49,3
57315,,M,43,2
57382,,M,55,4
57394,,M,47,3
57684,,M,55,4
57779,,M,50,4
57836,,M,52,2
57955,,M,58,4
58116,,M,52,3
58379,,M,57,3
58416,,M,50,3
58446,,M,52,3
58642,,M,46,2
58744,,M,40,4
58809,,M,37,4
58924,,M,39,2
59046,,M,54,3
59049,,M,51,4
59052,,M,58,4
59104,,M,42,3
59509,,M,46,3
59561,,M,47,2
59738,,M,55,3
60079,,M,57,3
60086,,M,55,4
60207,,M,49,3
60307,,M,53,3
60393,,M,48,4
60439,,M,36,1
60454,,F,55,1
60479,,M,36,3
60511,,M,47,1
60528,,M,56,3
60730,,M,46,2
60756,,M,59,3
60767,,M,72,4
61090,,F,54,1
61117,,M,38,1
61122,,M,63,4
61378,,M,62,3
61440,,M,45,1
61649,,M,40,2
61758,,M,45,4
62319,,M,46,4
62322,,M,48,2
62349,,M,43,2
62772,,M,45,4
62820,,M,48,4
62873,,M,48,4
62921,,M,47,4
62925,,F,39,2
63026,,M,38,3
63152,,M,35,4
63239,,M,42,4
63449,,M,75,4
63450,,M,46,2
63475,,M,43,2
63591,,M,42,4
63782,,M,51,4
63911,,M,46,3
64351,,M,50,3
64481,,M,42,1
64734,,M,45,2
65032,,M,57,2
65229,,M,51,4
65291,,M,54,4
65413,,M,58,4
65663,,M,61,4
65697,,M,56,3
65724,,M,36,5
65800,,M,41,2
66004,,M,48,4
66362,,M,46,1
66448,,M,45,4
66627,,M,45,1
66708,,M,45,4
66806,,M,46,1
66841,,M,56,4
67041,,M,44,1
67169,,M,41,3
67418,,M,53,5
68163,,M,59,3
68261,,M,44,3
68262,,F,60,3
68644,,M,34,4
68739,,M,52,4
68813,,F,52,3
68826,,M,50,5
69407,,M,46,3
69738,,M,51,2
70405,,M,62,3
70468,,M,50,4
71231,,M,65,3
71366,,M,48,2
71802,,M,54,3
72022,,M,44,1
72432,,M,49,3
72452,,M,47,5
72643,,M,44,3
72889,,M,69,2
72893,,M,36,2
74102,,M,54,3
74292,,M,35,3
74410,,M,52,2
75041,,M,46,5
75094,,M,42,3
75152,,M,55,4
75334,,M,44,2
75344,,M,47,3
75728,,F,46,2
75937,,F,57,2
76203,,M,44,4
76287,,M,48,2
76552,,M,43,3
76561,,M,50,2
77144,,M,62,3
77219,,M,41,5
77411,,M,33,2
78081,,M,44,3
78134,,M,57,3
78297,,M,59,4
78355,,M,55,5
78689,,M,57,3
79052,,M,43,1
79101,,M,44,1
79184,,M,54,5
79185,,M,52,5
79205,,M,56,5
79211,,M,57,5
79214,,M,59,4
79232,,F,45,3
79536,,M,45,5
79603,,M,35,3
79770,,M,63,5
79937,,M,52,4
80642,,M,54,2
80644,,M,51,3
80815,,F,44,3
80924,,F,39,3
80925,,M,49,2
80985,,M,35,5
81585,,M,49,5
81586,,M,54,3
81589,,M,47,4
81903,,F,44,1
82226,,M,58,4
82857,,M,59,5
83197,,M,42,5
83285,,M,46,5
83306,,M,47,2
83434,,M,59,5
83707,,M,53,3
84014,,M,40,2
84338,,M,36,3
84544,,M,57,3
84614,,M,59,4
85161,,M,49,3
85253,,M,46,3
85634,,F,53,4
86200,,M,50,1
86484,,M,33,1
86490,,M,47,3
86651,,M,53,3
86698,,M,67,4
86778,,M,52,4
86797,,M,52,1
87090,,M,48,2
87111,,M,44,3
87230,,M,34,5
87571,,M,62,2
87821,,M,52,4
87938,,M,59,2
87996,,M,52,4
88248,,M,48,4
88570,,M,45,3
88610,,M,39,4
88722,,M,47,3
88758,,M,45,2
88795,,M,50,3
88963,,M,51,2
88987,,M,49,4
89136,,M,58,4
89303,,M,44,2
89327,,M,46,5
89361,,F,52,2
89367,,M,48,1
89373,,M,42,4
89955,,F,45,1
90079,,M,60,4
90122,,M,55,4
90241,,M,59,3
90250,,M,53,4
90582,,M,70,4
90586,,M,45,3
90625,,M,43,3
90704,,M,47,5
90775,,M,35,2
90802,,M,40,1
91119,,M,44,3
91336,,M,48,2
91423,,M,46,3
91947,,M,56,4
92393,,F,60,4
92865,,M,51,3
93144,,M,42,3
93483,,M,46,3
93563,,F,51,2
93755,,M,48,1
95049,,M,48,3
95598,,M,34,5
96049,,M,46,5
96452,,M,51,4
96524,,M,54,3
97504,,M,38,2
97794,,M,50,4
97873,,M,49,3
98788,,M,52,4
99150,,M,51,2
99431,,M,61,4
99897,,M,46,5
100331,,M,58,3
100365,,M,48,2
100896,,M,50,5
101145,,M,39,2
101194,,M,39,5
101309,,M,35,5
101440,,M,44,4
101551,,M,47,3
101965,,F,46,4
102258,,M,52,4
102274,,M,56,3
102311,,M,54,3
102411,,M,46,3
102422,,M,56,5
102647,,M,51,4
103171,,M,46,4
103222,,M,41,4
103696,,F,42,2
104797,,M,38,4
104887,,M,59,4
105201,,F,49,1
105718,,M,33,5
106016,,M,50,5
106290,,M,40,3
106455,,M,53,3
106496,,M,64,4
107175,,M,74,4
107283,,F,39,1
107447,,F,49,4
107663,,M,49,3
107681,,M,45,4
107695,,M,51,3
107719,,M,52,4
107768,,F,47,1
107868,,M,44,5
107871,,M,53,3
107982,,F,55,3
108778,,M,58,5
108816,,M,52,4
109014,,M,62,4
109228,,M,53,5
109383,,M,56,4
109740,,M,39,3
109784,,M,52,3
109993,,M,45,3
110209,,M,49,4
110279,,M,49,3
110305,,M,37,4
110667,,M,41,4
110709,,M,56,4
110882,,M,47,3
111016,,M,47,4
111454,,M,40,5
111664,,M,65,3
111682,,M,48,5
112253,,M,46,3
112364,,M,53,5
112720,,M,32,5
112814,,M,59,4
113168,,M,46,4
113380,,M,55,3
113898,,M,50,3
114347,,M,41,3
114640,,M,44,4
114899,,M,48,2
114948,,M,54,5
115342,,M,48,3
116176,,M,45,4
116501,,M,44,3
116765,,M,57,5
117518,,M,72,4
117797,,M,51,4
117915,,M,39,5
117971,,M,45,5
118268,,M,44,5
118317,,M,52,4
118422,,M,53,4
118424,,M,43,4
118430,,M,63,5
118797,,M,32,2
119039,,M,47,3
119309,,M,37,3
119459,,M,46,2
119491,,M,46,5
119921,,M,47,3
120352,,M,60,3
120587,,M,68,5
120588,,M,31,1
120833,,M,49,5
120908,,M,40,5
121076,,M,41,4
121197,,F,42,3
121247,,M,42,3
121396,,M,54,4
122040,,M,54,3
122266,,M,49,2
122426,,M,43,5
123925,,M,39,3
123967,,M,42,4
124715,,M,38,3
124857,,M,29,3
124893,,M,38,2
125065,,M,38,2
125288,,F,65,3
125352,,M,59,2
125445,,M,67,3
125475,,M,46,2
125781,,M,56,4
126004,,M,55,2
126286,,M,45,2
126404,,M,53,3
126472,,M,69,5
126621,,M,42,3
126666,,M,46,5
126711,,M,41,3
127093,,M,27,1
127344,,M,41,1
127410,,M,58,2
127538,,M,53,4
127555,,M,50,5
127588,,M,53,3
127715,,F,55,3
127804,,M,45,2
128181,,M,67,5
128351,,F,37,1
128466,,M,44,4
128575,,M,49,1
128711,,M,43,3
128847,,M,28,1
129270,,M,41,4
129282,,M,51,5
129295,,M,39,2
129467,,M,44,4
129473,,M,45,3
129476,,M,44,4
129658,,M,46,4
129693,,F,46,3
129703,,M,47,5
130080,,M,52,2
130111,,M,54,4
130271,,M,43,3
130657,,M,64,5
130870,,M,51,3
130974,,M,54,5
130975,,M,34,4
131006,,M,48,3
131311,,M,59,3
131408,,M,60,4
131607,,M,46,5
131847,,M,60,5
131973,,M,52,2
132197,,M,43,4
132641,,M,53,3
132857,,M,45,5
132859,,M,47,2
132927,,M,44,4
132946,,M,33,1
132986,,M,37,2
133001,,F,46,4
133408,,M,43,5
133656,,M,39,1
133838,,M,44,2
133970,,M,58,3
134488,,F,48,2
134895,,M,48,3
134972,,M,55,3
135007,,M,44,3
135328,,M,52,5
135557,,M,34,5
135679,,M,44,4
135891,,M,56,3
135996,,M,47,4
136127,,M,48,3
136178,,M,52,3
136389,,M,39,3
136638,,M,29,5
136641,,M,44,1
136918,,M,39,4
136967,,M,48,3
136970,,M,50,1
138341,,F,49,3
139348,,M,36,2
139360,,M,52,4
139460,,M,50,4
140089,,M,40,5
140633,,M,44,4
140693,,M,70,3
140740,,M,40,1
140792,,M,53,5
140883,,M,45,5
140979,,M,52,3
141309,,M,49,3
141386,,M,40,3
141483,,M,51,1
141499,,M,44,3
141607,,M,33,3
141726,,M,54,5
141844,,M,39,2
142113,,M,54,3
142426,,F,44,4
142500,,M,57,3
142750,,M,35,2
142947,,M,31,3
142965,,M,48,2
143225,,M,62,4
143523,,M,46,5
143722,,M,47,5
143741,,M,49,5
144160,,M,28,5
144195,,M,45,5
144259,,M,44,4
144264,,M,46,2
144313,,M,52,5
144337,,M,50,5
144430,,M,37,3
144641,,M,64,5
144645,,M,49,5
144847,,M,34,2
144875,,M,45,5
145186,,M,62,4
145511,,F,40,PR
145573,,M,46,2
145761,,F,51,4
146133,,M,38,5
146183,,M,45,5
146243,,M,48,2
146432,,M,30,5
146803,,M,33,1
147019,,M,32,5
147147,,M,66,5
149095,,M,39,5
149873,,M,29,5
150252,,M,46,5
150305,,M,44,2
150815,,M,63,2
151929,,M,47,5
152079,,M,46,3
152176,,M,48,1
153028,,F,59,4
153414,,M,37,2
153504,,M,35,3
153697,,M,51,3
153790,,M,33,1
154778,,M,41,5
154806,,M,53,3
155056,,M,36,3
155064,,M,47,2
155123,,M,50,3
155168,,M,61,4
155187,,M,41,4
155807,,M,46,5
156048,,M,48,1
156335,,M,30,3
156336,,M,25,3
156735,,M,40,5
156830,,F,48,3
157044,,M,31,2
157188,,M,62,5
157258,,M,47,4
157356,,M,38,4
158063,,M,49,5
158064,,F,41,3
158073,,M,46,3
158083,,M,48,3
158107,,M,56,3
158127,,M,50,5
158134,,M,32,5
158158,,M,54,3
158232,,M,61,4
158372,,M,40,5
158386,,M,45,5
158451,,M,40,2
158585,,M,35,4
158667,,M,38,4
158973,,M,47,5
159419,,M,54,3
159535,,M,38,4
159603,,M,36,4
159606,,M,56,5
159719,,M,60,5
160213,,M,44,2
161627,,M,45,3
162421,,M,36,4
163046,,M,34,1
163105,,M,47,5
163232,,M,45,5
163446,,M,35,5
163906,,M,42,2
164135,,M,52,5
164227,,F,51,2
164382,,M,53,4
164431,,M,46,5
164976,,F,34,3
165291,,M,42,4
165715,,F,34,2
165751,,M,44,2
166192,,M,65,3
166249,,M,46,2
166444,,M,49,4
166697,,M,51,3
166766,,M,44,3
166824,,F,41,3
166974,,M,49,5
166989,,M,34,2
167402,,M,56,3
167636,,F,34,PR
167795,,M,36,5
167796,,M,34,2
167926,,M,51,5
168005,,M,59,3
168057,,M,42,3
168104,,M,34,5
168115,,M,44,2
168436,,M,52,3
168598,,M,42,4
168838,,M,31,4
169555,,M,48,3
169576,,M,57,2
169611,,F,38,3
169645,,M,38,3
169689,,M,50,5
169709,,M,33,5
169772,,M,30,5
169857,,M,43,3
169869,,M,49,4
169945,,M,44,2
170042,,M,39,5
170101,,M,38,3
170859,,M,29,1
171445,,M,51,3
171823,,M,49,4
171862,,M,56,4
171882,,M,42,1
172454,,F,33,1
172586,,M,50,2
172801,,M,40,3
174881,,M,49,3
175058,,M,51,4
175124,,M,29,5
175157,,M,43,2
175739,,M,45,3
175841,,M,57,4
176313,,M,53,5
176416,,F,38,4
176565,,M,52,5
177090,,M,51,5
177271,,M,47,4
177339,,M,49,4
177395,,M,44,4
177509,,M,35,3
177518,,M,49,2
177571,,M,47,4
177631,,M,29,3
178098,,M,60,2
178124,,M,25,5
178242,,M,49,5
178252,,M,38,5
178452,,M,50,5
178581,,M,43,4
178595,,M,34,3
178854,,M,43,2
178921,,M,49,3
179386,,M,45,1
179650,,F,55,3
179817,,M,40,2
179851,,M,37,3
179928,,F,42,2
180102,,M,60,3
180137,,M,54,3
180139,,M,61,3
180154,,M,31,5
180294,,M,38,3
180321,,M,35,5
180522,,F,44,1
180563,,M,45,3
180566,,M,45,2
180747,,M,35,1
181075,,M,26,5
181093,,M,40,3
181215,,F,55,2
181367,,F,24,1
181725,,M,27,1
181767,,M,30,3
182738,,M,35,2
182819,,M,40,3
182987,,M,38,5
183241,,M,51,4
183265,,M,47,3
183828,,F,36,1
183871,,M,43,3
184113,,F,51,4
184729,,M,40,5
184801,,F,34,4
184962,,F,40,2
185025,,M,43,4
185026,,M,51,3
185121,,M,43,5
185148,,M,49,5
185237,,M,42,3
185342,,M,40,3
185879,,M,44,2
186029,,M,45,2
186150,,M,35,5
186175,,M,31,5
186327,,M,31,3
186593,,M,39,5
186678,,M,39,1
186698,,M,40,1
186898,,M,57,2
187155,,M,51,5
187194,,M,32,1
187201,,F,49,4
187296,,M,32,2
187432,,M,51,2
187522,,M,38,1
187667,,M,46,2
187802,,M,59,4
188033,,M,42,1
188253,,M,38,2
188308,,M,40,2
188596,,F,32,3
188603,,F,37,1
188747,,M,40,2
188837,,M,27,5
188839,,F,41,2
188844,,M,33,4
188952,,M,54,4
188997,,M,31,3
189855,,M,37,4
189883,,M,55,5
189959,,M,56,3
190065,,M,28,5
190390,,M,53,4
190423,,M,54,4
190437,,M,44,3
190585,,M,43,3
190700,,M,45,2
190800,,M,37,4
190880,,F,52,4
191072,,M,58,5
191125,,M,57,4
191302,,M,27,1
191313,,M,29,2
192133,,M,32,5
192630,,M,48,3
192658,,M,34,2
192774,,M,57,3
193177,,M,30,2
194221,,M,42,4
194489,,M,31,5
194825,,F,74,4
194963,,M,31,2
194966,,M,33,3
195004,,F,37,4
195008,,M,33,2
195208,,M,58,4
195221,,M,45,3
195261,,M,53,4
195296,,M,40,3
195322,,F,44,3
195334,,F,33,1
195339,,M,41,3
195352,,M,27,3
195384,,M,47,3
195395,,M,43,3
195397,,M,46,4
195431,,M,56,4
195441,,M,47,4
195443,,M,56,3
195461,,M,62,4
195470,,M,46,2
195521,,M,48,4
195534,,M,39,3
195548,,M,59,4
195560,,M,51,4
195564,,M,49,3
195574,,M,57,4
195575,,M,44,4
195591,,M,35,2
195643,,M,57,5
195652,,M,28,1
195672,,F,45,2
195716,,M,46,3
195720,,F,50,3
195774,,M,45,4
195783,,M,26,1
195844,,M,50,2
195911,,M,64,4
195929,,M,45,1
195944,,M,56,4
195972,,M,45,3
195991,,F,38,1
195999,,M,58,4
196090,,F,33,2
196110,,F,58,3
196149,,M,44,5
196150,,M,63,4
196180,,M,37,4
196220,,M,44,3
196222,,M,53,2
196223,,F,64,3
196250,,M,70,4
196267,,M,37,2
196269,,M,45,4
196280,,M,48,4
196305,,M,49,3
196307,,M,38,2
196322,,M,44,5
196417,,M,43,1
196474,,M,29,4
196695,,M,43,3
196753,,M,52,2
196757,,M,60,3
196784,,M,49,3
196950,,M,45,3
196952,,M,61,5
197005,,M,45,3
197080,,M,52,4
197415,,M,29,2
197747,,M,43,4
197770,,M,41,2
197784,,M,28,5
197788,,M,34,4
197821,,M,58,4
197826,,M,47,4
197844,,M,40,1
198025,,M,40,3
198040,,M,43,4
198291,,M,38,3
198323,,M,56,5
198331,,M,33,2
198425,,M,42,3
198434,,F,29,4
198456,,M,47,5
198483,,M,52,5
198535,,M,26,5
198575,,M,41,2
198811,,M,59,3
198844,,M,26,5
199100,,M,51,4
199333,,F,31,4
199443,,M,58,5
199575,,M,54,3
199599,,M,43,1
199650,,F,30,4
199856,,M,38,5
199957,,M,34,4
200129,,M,45,3
200149,,M,54,1
200368,,M,56,4
200414,,M,49,3
200415,,F,49,3
200473,,M,66,4
200906,,M,43,3
201020,,M,49,4
201051,,F,41,1
201096,,M,55,5
201180,,M,58,4
201255,,M,43,3
201274,,M,45,4
201369,,M,43,2
201585,,M,45,2
201588,,M,55,4
201878,,M,40,4
201879,,M,56,5
202035,,M,39,4
202161,,M,52,3
202171,,M,68,4
202272,,M,52,4
202383,,F,33,2
202477,,F,32,1
202496,,F,34,4
202515,,M,48,2
202518,,M,39,4
202564,,M,22,1
202583,,M,35,4
203064,,M,51,4
203170,,M,50,4
203177,,F,50,2
203255,,F,53,4
203380,,M,31,4
203722,,F,53,2
203737,,M,45,4
203755,,F,32,2
203828,,M,45,4
203965,,M,30,3
203968,,F,36,4
204018,,M,43,2
204100,,M,59,3
204144,,M,29,5
204167,,M,79,5
204183,,M,33,3
204285,,M,53,4
204298,,M,51,4
204317,,M,35,1
204376,,M,46,5
204403,,M,46,3
204436,,M,54,3
204496,,M,52,2
204515,,M,24,5
204682,,M,38,4
204715,,M,45,2
204722,,M,39,3
204739,,M,40,1
204848,,M,37,4
204885,,M,47,2
204936,,M,46,2
204939,,M,43,2
205006,,M,37,3
205076,,M,40,2
205116,,M,51,3
205201,,M,54,3
205235,,F,51,3
205384,,M,45,2
205466,,M,30,4
205510,,M,43,4
205657,,M,21,3
205832,,M,52,5
205876,,M,52,3
205936,,M,26,5
205968,,F,37,PR
206134,,M,51,4
206144,,M,47,2
206206,,M,62,5
206217,,F,32,1
206223,,M,54,4
206495,,M,30,1
206844,,M,40,2
206962,,M,29,1
207230,,F,48,4
207281,,M,44,3
207406,,F,62,4
207450,,M,46,4
207547,,M,31,2
207665,,F,44,4
207667,,M,33,4
207747,,M,44,1
207749,,M,39,3
207750,,M,44,5
207922,,M,45,3
207923,,M,43,2
208152,,M,25,2
208359,,M,49,3
208503,,M,43,3
208769,,M,41,2
208836,,M,37,2
209137,,M,31,4
209193,,M,20,1
209268,,M,36,2
209391,,M,27,2
209758,,M,48,4
209823,,M,41,3
210062,,M,51,3
210102,,M,48,4
210323,,M,32,4
210352,,M,49,3
210355,,F,47,4
210427,,M,44,3
210572,,M,44,3
210604,,M,24,1
210632,,M,44,5
210637,,M,42,2
210718,,M,43,5
210790,,M,42,5
211064,,M,52,4
211161,,M,25,2
211278,,M,61,4
211456,,M,31,4
211521,,M,36,3
211669,,M,31,5
211671,,M,31,5
211759,,F,42,1
211968,,M,34,3
211997,,M,40,4
212182,,M,54,4
212393,,M,27,2
212792,,M,54,4
212968,,M,50,3
213120,,M,26,4
213397,,M,24,4
213446,,M,39,5
213926,,M,38,3
214177,,M,62,4
214194,,M,35,4
214565,,M,56,2
214968,,M,48,5
215179,,M,43,2
215194,,M,46,3
215389,,M,43,4
215759,,F,38,1
215804,,M,51,5
216231,,M,52,4
217112,,M,44,4
217217,,M,27,5
217226,,M,37,5
217307,,M,30,4
217427,,M,33,4
217858,,M,41,1
217916,,F,41,2
218287,,M,28,2
218381,,M,33,2
218417,,M,48,3
218489,,M,32,5
218607,,F,49,1
218676,,M,37,3
218715,,M,47,4
218755,,M,56,4
218823,,M,48,2
218917,,M,58,4
219025,,M,44,3
219164,,F,55,3
219166,,M,33,4
219237,,M,45,3
219316,,M,36,3
219472,,M,54,4
219489,,M,52,4
219511,,F,54,4
219527,,M,64,3
219555,,F,37,1
219558,,M,44,2
219570,,M,43,3
219604,,M,46,3
219605,,M,51,3
219614,,M,50,3
219680,,M,47,3
219719,,F,56,2
219737,,M,46,5
219800,,M,48,4
220076,,M,58,5
220085,,M,43,3
220099,,M,25,5
220196,,M,32,1
220240,,M,43,4
220373,,M,54,4
220399,,M,43,3
220548,,M,55,2
220645,,M,44,3
220801,,M,38,5
220835,,M,67,5
220857,,M,27,2
220868,,M,27,2
220894,,M,32,4
220929,,M,48,3
221127,,F,50,3
221202,,M,29,4
221286,,M,53,5
221303,,M,55,3
221354,,M,29,4
221376,,M,21,1
221444,,M,58,3
221460,,M,53,3
221526,,M,25,5
221812,,M,56,4
221916,,M,47,5
222114,,M,42,5
222144,,M,46,5
222205,,M,55,5
222320,,M,22,2
222322,,M,20,2
222519,,F,36,3
222927,,M,30,3
223061,,M,46,4
223230,,M,29,3
223237,,M,38,3
223248,,M,35,3
223464,,M,26,2
223566,,M,33,4
223944,,M,41,2
224014,,M,25,5
224018,,M,25,2
224241,,M,47,3
224243,,M,25,5
224245,,F,60,4
224266,,M,23,4
224272,,F,57,1
224273,,F,56,4
224302,,M,27,2
224571,,M,52,5
224627,,M,24,2
224717,,M,28,3
224936,,M,56,4
225187,,F,44,3
225191,,M,54,4
225219,,M,32,2
225246,,M,38,3
225651,,M,39,3
226091,,M,43,2
226231,,M,47,4
226388,,M,43,5
226525,,M,48,2
226535,,M,49,5
226577,,M,47,3
226676,,M,59,3
226927,,F,41,3
226929,,M,52,2
226969,,M,24,2
226975,,M,22,5
226976,,M,20,5
226979,,M,47,5
226982,,M,26,5
226997,,M,24,5
227027,,M,49,2
227063,,M,28,4
227425,,M,34,5
227583,,M,46,4
227848,,M,41,5
228010,,F,28,2
228100,,M,54,4
228280,,M,55,3
228483,,M,41,4
228571,,M,39,5
228684,,M,32,1
228693,,F,37,2
228853,,M,34,2
228981,,M,44,5
229180,,M,63,4
229576,,M,53,4
229718,,M,44,2
229836,,M,34,3
229950,,M,20,2
230031,,M,51,3
230258,,M,33,1
230397,,F,20,4
230714,,M,48,4
230786,,F,34,3
230865,,M,18,2
230948,,M,47,5
231240,,M,53,5
231262,,F,45,4
231367,,M,50,1
231563,,M,57,4
231656,,M,36,3
231774,,M,41,3
231913,,M,45,3
231993,,M,46,2
232092,,F,41,3
232172,,F,41,PR
232508,,M,33,3
232661,,M,53,3
232665,,M,45,3
232939,,M,24,5
232969,,F,31,4
233007,,M,37,5
233101,,M,22,4
233122,,M,46,4
233607,,M,19,1
233623,,M,45,1
233803,,M,49,2
233855,,M,43,4
233934,,M,52,4
234067,,M,27,2
234097,,M,45,3
234386,,F,54,4
234430,,M,34,5
234434,,M,23,5
234584,,M,33,1
234863,,M,34,2
235041,,M,51,4
235063,,M,46,3
235126,,M,60,2
235653,,M,48,4
235669,,F,52,4
235760,,M,60,4
235761,,M,27,1
235909,,M,55,4
236024,,M,35,2
236133,,M,44,4
236210,,M,50,3
236316,,M,34,5
236346,,M,49,2
236403,,M,40,3
236460,,M,59,4
236490,,M,41,4
236580,,M,54,2
236637,,M,45,4
236645,,F,46,1
236745,,M,49,5
236809,,M,39,3
236876,,M,27,5
236898,,M,50,5
236974,,M,50,4
237028,,M,41,3
237177,,M,50,4
237199,,M,49,4
237254,,M,46,4
237309,,M,42,3
237364,,M,59,5
237380,,M,53,3
237449,,M,28,2
237583,,F,36,1
237600,,F,46,4
237772,,M,51,4
237781,,M,43,4
237905,,M,42,4
237997,,M,29,2
238250,,M,51,2
238307,,M,50,4
238469,,M,22,4
238691,,M,50,4
238694,,M,32,1
238708,,M,46,3
238713,,F,28,1
239048,,M,28,1
239219,,M,45,5
239419,,F,44,2
239612,,F,27,1
239679,,M,29,4
239684,,M,35,4
239689,,M,30,2
239696,,M,55,5
239812,,M,33,4
239889,,M,43,3
239919,,M,24,1
239990,,M,39,2
240033,,M,24,1
240114,,M,45,4
240115,,M,57,4
240212,,M,38,2
240222,,M,28,1
240458,,M,59,4
240540,,M,32,1
240558,,M,22,1
240763,,M,53,3
240797,,F,44,3
241436,,M,53,4
241521,,F,55,4
241617,,M,46,5
241648,,M,27,2
241949,,M,30,4
242028,,M,52,4
242087,,M,50,4
242117,,M,59,5
242189,,M,49,5
242323,,M,45,4
242441,,M,26,2
242481,,M,41,3
242553,,F,27,2
242557,,F,55,3
242560,,M,33,1
242571,,M,46,3
242575,,F,51,4
242583,,M,53,4
242584,,M,54,5
242818,,M,38,3
242829,,M,31,4
243003,,M,25,1
243005,,M,55,5
243091,,M,22,1
243124,,M,28,4
243216,,M,24,2
243257,,M,35,2
243434,,M,35,2
243622,,M,58,3
244103,,M,40,5
244135,,M,21,5
244305,,M,35,2
244512,,M,45,2
244782,,M,51,3
244913,,M,47,4
245065,,M,46,3
245198,,M,38,1
245266,,M,29,2
245428,,M,23,5
245434,,M,36,5
245436,,M,40,2
245459,,M,63,5
245542,,M,32,1
245892,,M,45,4
246451,,M,56,2
246669,,M,30,1
246729,,M,56,5
246822,,F,44,3
247223,,M,32,4
247284,,M,54,5
247512,,M,33,4
247602,,M,24,3
247724,,M,47,4
247899,,M,20,3
248033,,M,29,1
248052,,M,36,2
248096,,M,46,3
248283,,M,41,5
248404,,M,38,5
248731,,M,61,4
248941,,M,46,4
248976,,M,36,4
249301,,M,60,2
249318,,M,25,2
249424,,M,44,2
249448,,M,25,5
249822,,M,52,3
249851,,M,71,5
250237,,M,22,5
250239,,M,37,5
250315,,M,17,2
250319,,M,44,1
250365,,F,53,3
250399,,M,16,5
250422,,F,44,4
250470,,M,48,5
250472,,M,21,4
250509,,F,52,4
250519,,M,23,5
250525,,M,51,4
250710,,M,42,4
250959,,M,44,4
250983,,M,59,5
251128,,F,33,1
251301,,M,31,2
251332,,M,29,5
251647,,M,73,5
251716,,M,65,4
251736,,M,34,1
252034,,M,45,5
252099,,F,46,4
252152,,F,32,1
252197,,M,26,1
252205,,F,28,4
252241,,M,56,3
252246,,M,54,4
252253,,M,38,5
252576,,M,49,3
252751,,M,41,3
252854,,M,31,4
252869,,M,46,4
252989,,M,42,5
253276,,M,56,4
253581,,M,59,5
253585,,M,47,5
253588,,M,43,4
253814,,M,39,2
253905,,M,42,2
253987,,M,32,2
254004,,M,56,5
254150,,M,17,5
254224,,M,52,5
254245,,M,44,2
254251,,F,49,2
254578,,M,59,4
254588,,M,55,4
254610,,M,60,4
254638,,M,48,3
254697,,M,39,4
254829,,M,18,3
254874,,F,34,1
254961,,M,39,3
255117,,F,42,3
255158,,M,36,3
255271,,M,39,2
255279,,M,50,2
255349,,M,23,3
255414,,M,54,2
255427,,M,38,3
255453,,M,42,2
255479,,M,67,5
255539,,M,47,3
255576,,M,18,3
255580,,M,17,1
255734,,F,49,3
255792,,F,26,4
255975,,M,50,3
256150,,M,40,5
256153,,M,55,2
256160,,M,27,4
256199,,M,40,3
256426,,M,22,4
256539,,M,28,1
256545,,M,45,4
256601,,F,22,2
256808,,M,37,2
256878,,F,30,3
257112,,M,41,4
257119,,M,28,3
257141,,M,43,3
257276,,M,41,1
257410,,M,28,3
257474,,M,72,5
257583,,M,48,4
257717,,F,43,2
257770,,M,24,1
257793,,M,39,4
257805,,M,46,4
257819,,M,52,4
257941,,M,48,3
258083,,F,22,3
258231,,M,43,3
258258,,M,48,4
258299,,M,22,2
258309,,M,30,1
258315,,M,37,5
258446,,F,53,2
258501,,F,43,1
258704,,M,23,2
258824,,M,23,3
258865,,M,48,4
259005,,M,34,3
259078,,F,64,4
259315,,M,44,4
259427,,M,30,2
259428,,F,53,3
259467,,M,29,5
259743,,M,54,5
259783,,M,47,3
259824,,M,36,3
259912,,M,52,4
260006,,M,45,3
260198,,M,30,1
260224,,M,37,3
260263,,M,46,3
260329,,M,48,2
260563,,M,51,5
260611,,M,55,3
260831,,M,45,4
260928,,M,38,3
261345,,M,30,5
261718,,M,48,3
261743,,M,59,5
261818,,M,42,3
261836,,M,55,5
261903,,M,41,5
261907,,M,40,5
261918,,M,36,4
262113,,F,37,2
262232,,M,59,5
262357,,M,48,2
262371,,F,26,3
262379,,M,33,4
262438,,M,53,5
262539,,M,41,2
262564,,M,48,5
263055,,M,21,1
263075,,M,48,4
263079,,F,52,4
263241,,M,36,4
263253,,M,47,3
263396,,M,40,3
263853,,M,34,5
263855,,M,21,5
263998,,M,19,1
264141,,M,31,3
264154,,M,50,4
264228,,M,40,2
264429,,M,36,2
264433,,F,42,4
264499,,M,40,3
264605,,M,42,3
264627,,M,33,4
264642,,M,46,4
264773,,M,25,5
264782,,M,49,4
265260,,F,53,3
265515,,M,39,2
265517,,M,41,5
265823,,M,18,5
265827,,M,15,5
265877,,M,44,2
265991,,M,50,4
266310,,M,36,3
266333,,F,40,3
266414,,M,45,4
266467,,M,29,1
266504,,M,50,4
266583,,M,31,3
266614,,M,62,3
266706,,M,33,3
266806,,F,29,1
266930,,M,19,4
266975,,M,24,5
267000,,M,32,4
267021,,M,64,5
267171,,M,45,1
267224,,M,56,4
267230,,F,35,4
267310,,M,48,3
267361,,M,29,1
267651,,M,46,3
267843,,M,49,4
267996,,F,54,4
268236,,M,39,4
268262,,F,44,4
268263,,F,46,3
268482,,M,40,2
268577,,M,44,2
268598,,M,70,5
268757,,M,26,4
269119,,M,39,4
269166,,M,53,4
269340,,M,53,3
269404,,F,30,4
269456,,M,32,3
269476,,M,27,1
269569,,F,36,1
269627,,F,28,4
269685,,M,26,5
269793,,M,17,3
269913,,M,66,5
270067,,M,53,3
270304,,M,37,2
270327,,M,28,5
270329,,M,43,3
270475,,M,53,3
270677,,M,30,4
270712,,F,26,4
270735,,F,59,4
270781,,M,23,3
270965,,M,22,2
270992,,M,40,3
271049,,M,34,3
271070,,M,19,3
271079,,M,48,4
271086,,M,41,3
271095,,M,45,3
271110,,M,49,4
271126,,M,42,3
271152,,F,48,3
271159,,M,39,4
271260,,M,51,3
271314,,F,30,3
271353,,M,55,5
271361,,F,51,3
271445,,M,35,4
271471,,M,41,4
271476,,M,41,4
271498,,M,29,2
271499,,M,56,3
271503,,M,22,5
271541,,M,35,2
271597,,F,60,4
271598,,M,61,5
271685,,M,21,1
271696,,M,68,3
271750,,F,52,3
271765,,M,50,4
271864,,M,30,2
271897,,M,26,4
271933,,M,36,1
271946,,M,42,4
271991,,M,46,3
272080,,M,40,3
272280,,M,18,4
272283,,M,46,5
272361,,M,38,5
272384,,M,44,5
272499,,M,28,5
272546,,M,46,4
272558,,F,45,3
272559,,M,22,2
272580,,F,55,4
272743,,M,71,4
272800,,M,48,4
272856,,F,29,1
272910,,M,40,5
272930,,M,39,4
273013,,M,43,2
273343,,M,54,3
273441,,F,28,2
273618,,F,52,2
273733,,M,45,4
273849,,M,52,4
273905,,M,32,3
273910,,M,40,2
273912,,M,39,2
274029,,M,44,3
274034,,M,56,4
274098,,F,60,3
274163,,M,20,1
274225,,M,52,3
274232,,M,21,5
274292,,M,50,2
274342,,M,18,3
274418,,M,53,3
274439,,M,49,3
274484,,M,44,4
274522,,M,33,3
274625,,M,37,3
274756,,M,58,4
274990,,M,56,5
275086,,M,29,3
275223,,M,29,1
275350,,M,55,5
275407,,M,51,4
275441,,F,26,1
275571,,M,27,3
275670,,F,30,2
275786,,M,32,4
275788,,M,48,3
275797,,M,39,4
275956,,M,27,2
275960,,M,30,3
276007,,M,58,4
276108,,M,30,1
276118,,M,21,2
276135,,M,23,5
276168,,M,60,4
276222,,M,30,5
276285,,M,36,1
276353,,M,37,4
276605,,M,46,5
276924,,M,45,2
276961,,F,40,1
277016,,M,39,4
277030,,M,54,5
277047,,M,54,4
277109,,F,35,1
277158,,M,56,4
277185,,M,43,5
277189,,M,47,4
277317,,M,27,1
277510,,M,45,3
277526,,F,44,3
277576,,M,66,4
277762,,M,52,3
277938,,M,48,4
278360,,M,31,5
278473,,F,34,2
278768,,M,38,5
279352,,F,30,2
279428,,M,41,5
279813,,M,36,4
279824,,M,18,4
279865,,M,51,5
279973,,M,20,5
280037,,F,45,4
280078,,M,45,3
280083,,M,22,5
280264,,M,53,5
280316,,M,44,4
280347,,M,19,2
280413,,M,40,5
280562,,M,43,3
280612,,F,50,4
280621,,M,16,3
280733,,M,36,4
280827,,M,53,5
280915,,M,58,5
281054,,M,49,2
281123,,M,29,1
281233,,M,34,3
281398,,M,45,5
281420,,M,43,2
281513,,M,30,3
281559,,F,24,3
281671,,M,31,4
281715,,M,40,3
281821,,M,60,3
281883,,M,41,2
281910,,M,30,3
282467,,F,46,3
282468,,F,43,4
282654,,M,18,4
282684,,M,56,3
282712,,M,50,3
283139,,M,29,2
283140,,M,59,4
283185,,M,23,2
283222,,M,34,5
283386,,M,23,2
283422,,M,45,5
283553,,M,54,5
283561,,M,25,5
283664,,M,56,5
283790,,M,58,3
283869,,M,36,1
283986,,M,36,2
284235,,M,31,4
284258,,M,38,4
284329,,M,29,3
284394,,M,47,3
284507,,M,39,4
284516,,M,28,5
284673,,M,54,4
284814,,M,33,3
284883,,M,22,2
284981,,M,22,4
285056,,M,51,3
285169,,F,28,4
285173,,M,25,5
285199,,M,32,3
285245,,M,27,5
285414,,F,45,4
285459,,M,50,4
285465,,M,43,4
285472,,M,40,5
285474,,M,46,5
285617,,M,45,4
285713,,M,17,2
285869,,F,36,4
285940,,F,38,3
285950,,M,44,2
285975,,M,22,3
285988,,M,26,1
285990,,M,54,4
285993,,M,54,4
286191,,F,51,2
286212,,M,20,4
286304,,M,41,5
286381,,M,40,4
286383,,M,67,5
286414,,M,22,3
286421,,M,48,2
286425,,M,51,4
286429,,M,17,4
286432,,M,21,5
286506,,M,43,2
286526,,M,50,4
286527,,M,50,3
286533,,M,38,4
286608,,M,22,1
286633,,F,57,4
286647,,M,58,5
286653,,M,53,3
286671,,M,53,4
286694,,M,25,5
286737,,M,37,4
286765,,M,55,5
286787,,M,42,3
286808,,M,38,5
286823,,M,54,2
286833,,M,48,5
286850,,M,48,4
286872,,M,43,4
286874,,F,35,3
286893,,M,46,3
286935,,M,41,3
286936,,M,57,4
286963,,M,46,4
286972,,M,25,4
286990,,M,31,4
286992,,M,51,3
287039,,M,32,2
287141,,M,46,3
287188,,M,55,5
287192,,M,17,5
287267,,M,30,4
287305,,M,52,3
287387,,M,36,4
287475,,M,57,3
287487,,M,20,1
287507,,M,32,4
287521,,M,36,5
287526,,M,44,3
287530,,M,38,5
287542,,M,45,5
287558,,M,46,3
287569,,M,48,5
287637,,M,47,3
287655,,M,40,3
287658,,M,50,4
287692,,M,45,2
287716,,M,34,5
287728,,M,39,2
287745,,M,41,2
287877,,M,51,4
287890,,F,26,3
287907,,M,34,4
287914,,F,47,3
287934,,M,39,5
288006,,M,46,3
288185,,M,25,3
288297,,M,29,3
288400,,M,60,3
288401,,M,30,3
288526,,M,33,4
288534,,M,60,5
288687,,M,49,3
288732,,M,41,2
288977,,M,25,5
289041,,M,52,3
289092,,M,53,4
289093,,M,46,2
289113,,M,42,3
289117,,M,19,3
289121,,M,31,3
289122,,M,46,4
289147,,M,34,3
289169,,M,34,3
289184,,M,33,3
289282,,M,26,1
289288,,M,26,3
289347,,M,48,4
289378,,F,16,3
289433,,M,17,3
289507,,M,32,4
289711,,F,47,4
289743,,M,41,5
289752,,F,31,1
289924,,M,57,4
290017,,M,45,4
290045,,M,23,5
290128,,M,44,4
290197,,M,25,4
290262,,F,54,4
290357,,M,33,3
290396,,M,48,4
290554,,M,61,5
290626,,M,53,4
290732,,M,53,4
290791,,M,43,4
290814,,M,40,2
290904,,M,50,2
290926,,M,39,3
290961,,M,45,5
291028,,F,19,2
291075,,M,50,5
291216,,M,26,4
291277,,M,26,1
291364,,M,50,4
291414,,M,27,1
291426,,M,44,3
291475,,M,25,4
291487,,M,18,5
291490,,M,24,3
291651,,M,28,5
291752,,F,36,2
291804,,F,46,3
291997,,M,44,4
292026,,M,43,3
292084,,M,36,5
292208,,F,32,2
292380,,M,50,5
292420,,F,28,2
292461,,M,45,3
292488,,M,55,3
292621,,M,39,3
292733,,F,34,2
292885,,M,27,3
292942,,M,57,4
293126,,M,50,3
293136,,M,42,2
293184,,M,43,4
293383,,M,50,4
293436,,M,51,4
293725,,F,39,1
294002,,M,59,4
294020,,M,55,3
294052,,M,35,5
294130,,M,30,5
294211,,M,39,4
294226,,M,20,5
294292,,M,20,5
294311,,M,18,5
294396,,M,39,3
294482,,M,59,5
294725,,M,28,1
294849,,M,34,2
294912,,M,18,1
295013,,M,44,3
295077,,M,17,4
295422,,M,36,2
295435,,M,21,2
295476,,M,17,5
295494,,M,37,5
295509,,M,12,5
295596,,M,30,2
295631,,M,21,2
295633,,M,14,5
295663,,F,29,2
295715,,F,30,4
295719,,M,46,2
295765,,F,41,2
295903,,M,46,3
295988,,M,39,1
296024,,M,52,3
296039,,M,37,4
296167,,M,17,1
296295,,M,20,4
296394,,F,28,4
296426,,M,48,2
296574,,M,32,4
296615,,F,47,4
296622,,M,37,5
296665,,M,47,3
296776,,M,48,5
296786,,M,44,5
296787,,M,15,5
296879,,M,17,2
296935,,M,57,5
297136,,M,20,2
297140,,M,39,3
297164,,M,20,4
297530,,M,20,5
297594,,M,54,2
297747,,M,32,4
297754,,F,39,2
297795,,M,53,3
297814,,M,31,2
297820,,M,29,3
297955,,M,54,3
297956,,M,39,3
298221,,M,56,3
298307,,M,41,4
298332,,M,51,3
298411,,M,30,2
298550,,M,34,1
298571,,M,21,1
298604,,M,21,1
298739,,M,27,2
298802,,M,55,4
298817,,M,21,5
298972,,M,58,3
298981,,F,51,4
298989,,F,64,4
298990,,M,67,5
299412,,M,36,2
299444,,M,46,4
299535,,F,35,2
299720,,M,32,3
299874,,M,42,4
299938,,M,21,3
299962,,M,33,3
299975,,M,37,3
300056,,M,52,3
300157,,M,29,3
300211,,M,49,4
300215,,M,55,5
300501,,M,48,2
300546,,M,39,2
300596,,M,62,4
300622,,M,44,3
300666,,M,68,5
300758,,F,49,4
301158,,M,40,5
301427,,M,51,3
301435,,M,39,5
301454,,M,34,5
301688,,M,27,5
301694,,M,21,4
301764,,F,52,4
301855,,F,36,4
302068,,M,26,5
302141,,M,45,5
302226,,M,24,5
302381,,F,25,2
302419,,M,31,2
302459,,M,32,4
302576,,M,41,4
302616,,M,35,4
302649,,F,36,4
302659,,M,45,5
302804,,M,38,5
302872,,M,31,5
302891,,M,28,5
302930,,M,44,3
302935,,M,56,3
302958,,M,30,2
302962,,F,31,2
302985,,M,49,4
303019,,M,30,4
303025,,M,30,5
303115,,M,54,4
303124,,M,37,4
303146,,M,41,4
303224,,M,40,2
303230,,M,32,2
303234,,M,22,5
303311,,F,32,1
303339,,M,32,4
303354,,M,47,4
303420,,F,30,2
303430,,M,32,4
303462,,M,41,4
303472,,F,46,3
303540,,M,46,4
303544,,M,24,4
303558,,M,46,4
303583,,M,36,3
303586,,M,20,1
303589,,M,20,1
303633,,M,48,5
303643,,M,36,1
303653,,M,35,2
303681,,M,43,4
303705,,M,15,4
303731,,M,25,2
303746,,M,22,5
303761,,M,56,4
303770,,M,38,5
303797,,M,18,4
303844,,M,59,4
303852,,M,45,5
303875,,M,49,4
303909,,M,41,4
303912,,M,52,3
303921,,M,46,5
303926,,F,37,3
303947,,M,21,4
303960,,M,49,4
303961,,M,52,4
303973,,M,52,4
304004,,M,27,4
304027,,M,39,3
304031,,F,52,4
304086,,F,23,3
304105,,M,40,4
304119,,M,52,4
304249,,M,28,1
304284,,M,52,3
304311,,M,50,5
304312,,M,52,4
304326,,M,56,4
304360,,M,39,2
304367,,M,34,2
304372,,F,38,4
304373,,M,46,4
304397,,M,27,4
304410,,M,43,5
304416,,M,24,5
304421,,M,31,4
304436,,F,35,2
304448,,M,48,5
304464,,M,42,3
304508,,M,37,4
304526,,F,43,3
304549,,M,55,4
304553,,M,54,4
304600,,M,27,3
304638,,M,42,3
304640,,M,18,4
304658,,M,45,3
304686,,M,37,4
304701,,M,21,3
304735,,M,28,1
304743,,M,43,3
304745,,M,56,5
304753,,M,24,4
304756,,M,40,4
304762,,M,45,2
304772,,M,45,5
304797,,M,22,1
304801,,M,59,3
304804,,M,41,3
304805,,M,47,5
304833,,M,20,5
304846,,M,47,2
304850,,M,44,4
304879,,M,31,4
304886,,M,44,5
304897,,M,58,4
304900,,M,51,2
304925,,F,49,3
304936,,M,57,4
304958,,M,21,3
304964,,M,26,2
304986,,M,49,4
305008,,F,29,4
305010,,F,25,3
305029,,M,33,3
305076,,M,55,4
305088,,M,52,4
305096,,F,45,3
305100,,M,58,5
305193,,M,59,2
305202,,M,35,4
305220,,F,28,4
305262,,M,55,5
305290,,M,43,4
305317,,M,47,3
305400,,M,49,3
305459,,M,43,3
305628,,M,55,4
305630,,M,38,4
305647,,M,39,3
305688,,M,42,3
305748,,M,31,4
305797,,M,28,4
305838,,M,26,3
305850,,M,40,4
306011,,M,45,3
306048,,M,39,4
306124,,M,44,4
306272,,M,73,4
306273,,F,19,2
306325,,M,25,1
306356,,M,45,4
306378,,F,42,3
306411,,M,31,2
306438,,M,26,2
306441,,M,48,4
306457,,M,27,4
306524,,F,32,4
306583,,F,33,4
306664,,M,27,1
306712,,M,41,4
306758,,M,44,5
306824,,F,23,2
307115,,M,48,3
307140,,M,44,4
307152,,F,51,3
307192,,M,14,4
307201,,M,12,4
307303,,M,37,4
307426,,M,19,3
307520,,F,34,2
307585,,M,26,5
307653,,M,28,2
307752,,F,19,4
307800,,M,23,5
307805,,M,38,3
307852,,M,55,5
307855,,M,16,4
307880,,M,33,5
307890,,F,37,3
307898,,M,38,4
307900,,M,28,2
307981,,F,34,3
308032,,M,49,4
308071,,F,20,3
308123,,M,28,4
308152,,M,64,5
308238,,M,43,5
308269,,M,54,3
308433,,M,25,4
308541,,M,38,5
308570,,F,28,4
308604,,M,31,4
308611,,M,40,4
308695,,M,21,5
308804,,M,50,3
309043,,M,49,5
309067,,F,31,3
309141,,M,23,1
309260,,M,31,5
309356,,M,28,2
309376,,M,63,5
309418,,M,31,4
309471,,M,16,2
309580,,F,43,3
309589,,M,28,3
309590,,M,23,3
309596,,M,26,2
309615,,M,37,4
309700,,M,41,4
309759,,M,49,4
309907,,M,40,3
309920,,F,29,3
310123,,M,55,5
310207,,M,46,4
310212,,M,21,2
310223,,M,24,2
310254,,M,37,4
310370,,F,50,4
310646,,M,41,3
310722,,M,49,4
310724,,M,42,3
310825,,F,17,2
310846,,M,56,4
310901,,M,21,5
310904,,M,19,5
310942,,M,56,3
310943,,M,44,5
310948,,M,28,3
311336,,M,51,4
311410,,M,58,5
311464,,F,48,2
311495,,M,37,3
311530,,M,26,3
311752,,M,43,4
311800,,F,27,1
311816,,M,19,1
311845,,M,29,2
311882,,M,29,4
311925,,M,15,5
311960,,M,53,5
312668,,F,24,2
312704,,M,35,4
312832,,M,20,3
313146,,M,24,5
313364,,M,16,4
313686,,M,24,2
314158,,M,32,3
314198,,M,40,2
314296,,M,56,3
314976,,M,33,5
315144,,F,46,4
315192,,F,32,3
315424,,M,52,5
315426,,F,40,3
315494,,M,50,5
315558,,M,32,4
315722,,F,23,4
315810,,M,76,5
315856,,M,38,5
315886,,F,43,4
315958,,M,29,3
316000,,M,55,5
316094,,M,31,4
316262,,M,28,4
316350,,M,38,4
316616,,M,57,5
316874,,M,52,3
316938,,M,19,3
317018,,M,54,4
317078,,M,25,4
317172,,F,14,4
317708,,M,55,5
317714,,M,41,5
317766,,F,30,4
317988,,M,35,5
318020,,M,16,5
318118,,M,32,5
318146,,M,44,3
318192,,M,34,5
318276,,M,31,4
318306,,M,15,3
318518,,M,41,5
318536,,M,20,5
318538,,M,21,5
318670,,M,19,5
318758,,M,50,4
318830,,M,41,5
318856,,F,20,4
318892,,M,21,3
318908,,F,30,2
319250,,M,37,5
319284,,M,45,2
319364,,M,54,5
319704,,M,52,2
319784,,M,26,4
319898,,M,50,4
319966,,M,43,3
320236,,F,17,3
320254,,M,22,5
320304,,M,43,4
320490,,M,29,2
320598,,M,21,1
320744,,F,20,3
320750,,M,14,4
321274,,M,37,4
321302,,M,31,1
321408,,M,34,2
321598,,M,35,4
321722,,M,33,4
321852,,M,20,5
321904,,M,38,5
321906,,M,19,5
321964,,M,25,2
322052,,M,48,3
322092,,M,31,4
322286,,M,64,4
322308,,M,21,5
322668,,M,26,5
323018,,M,33,4
323060,,M,23,4
323184,,M,26,3
323634,,M,42,5
323868,,M,42,4
324250,,M,56,3
324504,,M,42,3
324690,,M,23,5
325008,,M,29,3
325046,,M,41,4
325094,,F,28,1
325472,,M,40,5
325510,,F,42,2
325664,,F,31,1
325938,,M,51,4
326254,,M,45,3
326328,,M,22,5
326730,,M,39,4
326874,,M,37,4
326940,,M,43,4
327014,,M,26,3
327086,,M,19,1
327832,,M,32,5
327950,,F,22,4
328078,,M,34,5
328118,,M,28,5
328250,,M,31,5
328268,,M,40,5
328410,,M,27,3
328784,,M,25,2
328902,,M,27,5
329038,,M,34,3
329264,,M,17,3
329442,,M,37,4
329756,,M,43,3
330060,,M,41,3
330124,,M,32,4
330278,,M,51,4
330394,,M,34,3
330536,,F,26,4
330648,,F,18,4
330670,,M,32,3
330800,,M,51,4
330870,,F,44,4
330926,,F,52,3
330976,,M,32,5
331070,,M,72,4
331076,,M,43,4
331080,,M,26,2
331142,,M,18,3
331228,,M,36,3
331304,,M,19,2
331318,,F,31,2
331322,,M,41,2
331334,,M,59,5
331336,,F,37,4
331446,,M,24,5
331532,,M,32,2
331564,,F,46,4
331630,,M,27,3
331662,,M,56,4
331724,,M,32,5
331800,,M,48,3
331830,,M,24,3
331886,,F,24,3
331894,,M,13,4
331900,,M,27,4
331922,,M,52,5
332032,,M,22,3
332060,,F,29,4
332082,,M,46,3
332088,,M,51,4
332120,,M,33,5
332140,,F,55,4
332152,,F,27,2
332154,,M,33,4
332182,,F,40,3
332190,,M,26,1
332208,,M,34,4
332298,,M,25,4
332412,,F,46,3
332434,,M,47,3
332436,,M,50,4
332678,,M,52,4
332694,,M,54,4
332776,,M,63,4
332782,,M,29,2
332784,,M,44,4
332786,,M,33,4
332902,,M,31,3
332906,,M,40,4
332918,,M,42,3
332950,,M,50,4
332982,,M,55,5
332984,,M,29,2
333036,,M,44,4
333042,,M,51,3
333048,,M,38,3
333062,,M,42,3
333090,,F,33,2
333112,,M,47,4
333136,,M,40,3
333158,,M,37,4
333186,,M,50,4
333220,,M,55,4
333224,,M,55,4
333250,,M,41,4
333294,,M,33,2
333358,,M,38,3
333414,,M,41,5
333470,,M,45,3
333472,,M,44,4
333498,,M,65,4
333550,,F,49,4
333552,,M,28,5
333700,,M,41,4
333716,,M,46,3
333856,,F,35,4
333942,,M,27,5
333944,,F,59,4
333978,,M,22,4
334006,,M,45,4
334018,,M,24,4
334020,,M,40,4
334198,,M,37,4
334218,,F,42,2
334246,,M,29,4
334256,,F,33,4
334330,,M,46,4
334374,,M,18,5
334588,,M,38,4
334594,,M,49,4
334602,,M,45,3
334612,,M,46,4
334646,,M,48,4
334690,,M,51,3
334718,,M,37,1
334814,,M,25,4
334970,,M,51,5
335076,,M,19,5
335106,,M,30,5
335168,,M,47,4
335196,,F,25,2
335202,,M,54,4
335218,,M,46,3
335362,,M,18,5
335402,,F,31,2
335420,,M,21,3
335464,,M,42,4
335466,,M,28,3
335498,,M,19,5
335500,,M,53,3
335566,,M,25,4
335602,,F,20,4
335698,,M,24,4
335702,,F,19,4
335722,,M,35,4
335738,,M,16,5
335748,,M,13,5
335842,,M,37,4
335944,,M,20,5
335990,,M,20,4
336050,,F,30,3
336130,,M,47,5
336160,,M,18,5
336162,,M,40,5
336300,,M,53,2
336312,,M,39,3
336374,,F,29,3
336490,,M,49,4
336644,,M,43,4
336696,,M,14,5
336826,,M,23,5
336936,,M,41,3
337008,,M,33,4
337096,,M,48,5
337504,,M,27,4
337666,,F,44,3
337774,,M,15,3
337840,,M,56,4
337844,,M,39,4
337878,,M,16,3
337880,,M,62,4
337990,,M,36,4
338064,,F,18,4
338206,,M,33,5
338404,,F,32,2
338726,,F,25,3
338760,,M,18,5
338976,,M,16,3
338982,,M,44,4
339008,,M,35,2
339042,,M,31,4
339050,,M,46,4
339064,,M,29,4
339070,,M,28,4
339128,,F,31,2
339250,,M,50,5
339286,,M,51,4
339306,,F,20,3
339314,,F,40,2
339318,,M,35,5
339342,,F,39,3
339348,,M,30,4
339788,,M,40,5
339880,,M,36,5
340386,,M,21,4
340716,,M,32,3
340854,,M,24,4
340900,,M,57,5
341214,,M,18,2
341512,,M,30,3
341548,,M,43,4
341560,,M,37,4
341576,,M,52,3
341756,,M,43,4
341778,,M,32,4
342158,,M,54,4
342218,,M,35,5
342354,,M,50,5
342500,,F,25,5
343022,,M,51,4
343058,,F,39,4
343292,,M,46,4
343360,,M,43,4
343538,,M,43,5
343836,,M,23,4
343848,,M,25,5
344442,,F,31,4
344622,,M,62,4
344756,,M,33,5
344972,,M,17,5
344974,,M,17,5
345144,,F,38,3
345356,,M,46,5
345826,,M,23,5
345846,,M,16,2
345938,,M,26,4
346366,,M,23,3
346448,,M,19,4
346780,,M,54,5
347232,,M,27,4
347404,,M,30,4
347406,,M,38,3
347572,,M,18,5
347700,,M,57,4
347820,,M,29,2
347932,,M,18,3
348242,,M,30,3
348390,,M,30,4
348408,,M,30,3
348558,,M,47,4
348760,,M,33,2
349020,,M,48,5
349232,,M,42,5
349590,,M,19,4
350058,,M,25,5
350176,,M,68,4
350620,,M,71,5
351080,,M,18,5
351124,,M,45,4
351304,,F,48,3
351334,,M,51,5
351724,,M,31,3
351738,,M,15,5
351742,,M,28,4
351896,,M,45,3
351898,,F,29,4
352008,,F,14,4
352040,,M,55,4
352532,,M,44,4
352734,,M,48,4
352752,,M,19,3
352902,,M,13,5
353184,,M,39,4
353204,,M,29,1
353226,,M,26,3
353442,,M,21,3
353482,,M,52,4
353518,,M,54,3
353546,,M,18,5
353550,,F,30,4
353582,,M,19,5
353650,,M,19,5
353954,,F,12,4
354026,,F,29,4
354192,,M,16,5
354246,,M,40,4
354248,,M,14,5
354508,,M,28,5
354510,,F,39,4
354576,,M,29,5
354818,,F,19,4
355118,,M,69,4
355130,,M,37,4
355228,,F,20,4
355258,,M,12,4
355260,,M,13,4
355666,,M,56,5
355696,,F,44,4
356102,,M,26,3
356162,,M,52,3
356222,,F,41,2
356378,,M,22,2
356448,,M,19,5
356530,,M,28,2
356601,,M,24,5
356682,,M,64,5
356750,,M,40,4
356758,,M,14,5
356847,,M,40,4
356928,,M,42,3
356964,,M,44,3
357004,,M,43,5
357059,,M,56,4
357251,,M,34,2
357271,,M,16,5
357280,,M,50,5
357545,,M,41,4
357549,,M,45,3
357671,,M,49,5
357744,,F,42,3
357775,,M,47,5
357800,,M,21,3
357939,,M,59,5
358006,,M,31,4
358181,,M,38,4
358285,,M,38,4
358400,,M,26,3
358652,,M,22,5
358748,,M,44,4
358804,,M,17,4
358809,,M,32,4
358813,,M,21,5
358825,,M,15,5
358905,,M,33,4
358906,,M,26,5
358922,,M,55,3
358928,,F,50,4
358967,,M,19,5
358970,,M,15,5
358972,,M,18,5
359013,,M,20,5
359132,,F,47,3
359198,,M,37,3
359213,,M,30,5
359225,,M,40,4
359289,,M,25,3
359333,,M,46,3
359419,,M,44,5
359479,,M,15,5
359614,,M,40,4
359648,,M,42,5
359655,,M,19,5
359716,,M,16,5
359872,,M,60,5
359903,,M,54,4
359935,,M,43,3
360288,,F,38,4
360314,,M,48,3
360332,,M,49,4
360404,,M,19,5
360413,,M,27,4
360492,,M,54,3
360583,,F,21,4
360641,,M,30,4
360675,,M,45,5
360862,,M,12,5
360871,,M,26,5
361029,,F,48,4
361134,,M,27,2
361188,,M,48,4
361189,,M,55,4
361265,,M,43,4
361312,,M,31,5
361314,,M,28,4
361335,,M,45,5
361415,,M,30,4
361444,,M,17,5
361599,,M,16,5
361653,,M,44,5
361662,,M,31,5
361814,,M,57,5
361842,,M,54,5
361860,,M,42,3
361941,,M,57,4
361944,,M,43,4
361972,,M,35,4
361996,,M,56,4
362149,,M,18,4
362156,,M,23,5
362206,,M,35,3
362242,,M,16,3
362277,,M,35,5
362352,,M,55,3
364362,,F,35,3
364622,,M,31,4
364641,,M,18,3
364645,,F,40,4
364659,,M,20,5
364695,,M,57,4
364761,,M,45,5
364779,,M,40,4
364783,,M,32,3
364808,,M,56,4
364812,,F,44,4
364839,,M,46,3
364841,,M,53,4
364927,,M,51,4
364944,,M,42,4
364971,,M,57,4
364975,,M,46,3
365016,,M,39,4
365031,,F,43,4
365060,,M,55,4
365078,,M,49,4
365086,,M,50,3
365111,,M,34,3
365130,,M,28,3
365160,,M,37,5
365183,,M,18,5
365212,,M,44,3
365218,,M,54,4
365247,,F,46,4
365286,,M,32,3
365305,,M,54,4
365309,,M,53,4
365331,,M,23,4
365342,,M,33,4
365348,,F,14,4
365427,,M,50,2
365489,,M,39,3
365490,,M,51,4
365501,,M,35,4
365531,,M,50,4
365550,,M,36,4
365569,,F,42,4
365607,,M,32,4
365610,,M,33,3
365643,,M,48,4
365679,,M,35,5
365698,,M,46,5
365761,,M,45,5
365766,,M,17,5
365771,,F,31,4
365780,,M,28,2
365781,,M,56,4
365793,,M,21,3
365804,,M,27,5
365813,,F,46,4
365851,,M,45,3
365875,,M,32,4
365895,,F,33,4
365900,,F,32,3
365904,,M,49,4
365929,,M,31,4
366030,,M,29,3
366123,,M,43,4
366124,,M,22,2
366149,,F,56,4
366161,,M,48,4
366169,,F,44,4
366170,,F,45,4
366189,,M,36,4
366197,,M,28,3
366200,,M,28,5
366230,,M,34,4
366254,,M,22,5
366275,,M,38,5
366354,,F,17,3
366436,,M,65,5
366463,,M,31,3
366475,,M,45,3
366483,,M,37,4
366541,,M,54,4
366582,,M,23,2
366619,,M,37,5
366620,,M,50,3
366661,,F,25,3
366663,,M,21,2
366676,,M,53,4
366695,,M,26,3
366718,,M,28,4
366734,,M,26,2
366768,,M,19,2
366781,,M,26,4
366825,,M,54,4
366849,,M,33,5
366956,,M,16,4
366974,,M,63,4
366975,,M,27,4
367019,,M,43,3
367056,,M,44,4
367331,,F,23,4
367396,,M,45,5
367418,,M,28,3
367421,,M,44,3
367423,,M,35,4
367437,,M,51,4
367483,,F,32,3
367569,,M,42,5
367584,,M,28,4
367651,,M,27,3
367672,,M,24,4
367729,,M,45,5
367736,,M,42,5
367761,,M,22,3
367774,,M,44,5
367792,,M,37,4
367799,,F,46,3
367810,,M,32,3
367901,,F,33,3
367946,,M,36,5
367991,,F,35,4
368006,,F,17,4
368013,,M,15,5
368028,,M,16,5
368029,,M,14,5
368059,,M,20,2
368061,,M,34,4
368122,,M,18,5
368127,,F,25,2
368128,,M,38,5
368137,,M,18,5
368177,,M,53,4
368186,,M,58,5
368226,,M,53,5
368306,,F,62,4
368308,,M,33,5
368338,,M,31,4
368357,,M,54,4
368368,,M,31,3
368437,,M,29,3
368443,,M,50,4
368470,,F,34,3
368496,,M,26,4
368594,,F,55,4
368757,,M,26,4
368823,,M,32,5
368842,,M,39,4
368889,,M,26,4
368901,,M,46,4
368980,,M,43,4
368981,,M,19,5
368989,,M,29,5
369355,,M,34,4
369479,,M,18,5
370183,,F,21,4
370448,,M,25,4
370456,,M,30,3
370466,,M,23,5
370505,,M,35,4
370596,,M,22,2
371021,,M,46,5
371171,,M,46,4
371325,,F,52,3
371357,,M,41,5
371362,,M,43,5
371468,,M,44,5
371680,,M,16,3
371699,,M,56,3
371828,,M,52,4
373958,,M,21,1
374406,,M,51,4
374465,,M,41,5
374584,,M,43,4
374636,,M,26,3
374775,,M,51,4
374778,,M,18,4
374810,,M,30,4
374843,,F,51,4
374885,,M,45,5
375255,,M,31,5
375287,,M,47,5
375646,,M,44,5
375775,,F,43,4
375777,,M,28,5
376008,,M,33,4
376029,,M,29,4
376121,,M,16,3
376137,,M,43,4
376557,,M,61,5
376597,,F,51,4
376598,,M,31,5
376727,,M,31,4
377062,,M,27,4
377090,,M,58,4
377129,,M,32,5
377217,,F,37,4
377371,,M,35,5
377403,,F,51,4
377460,,M,31,5
377469,,M,38,5
377472,,M,32,5
377514,,M,48,4
377902,,M,15,5
377957,,M,27,5
378053,,M,31,2
378079,,M,29,4
378245,,M,49,5
378266,,M,30,4
378268,,M,17,5
378340,,M,30,5
378347,,M,18,5
378428,,M,18,5
378462,,M,46,4
378582,,M,38,5
378683,,M,64,5
378684,,F,37,4
378762,,M,32,4
378802,,M,15,3
378866,,M,27,5
378901,,M,39,4
378938,,M,25,5
379019,,F,14,4
379134,,M,61,3
379190,,M,17,5
379192,,M,47,5
379222,,M,12,5
379226,,F,19,4
379235,,M,19,5
379237,,M,39,5
379257,,M,46,5
379277,,M,40,5
379296,,M,41,4
379492,,M,28,2
379625,,M,20,4
379788,,M,38,5
379870,,M,14,5
379987,,M,49,5
380038,,M,48,5
380099,,M,34,5
380144,,M,25,5
380248,,M,29,4
380345,,M,30,3
380370,,M,40,3
380391,,M,34,5
380425,,M,52,5
380581,,M,17,5
380638,,M,19,5
380657,,M,18,5
380661,,M,36,4
380667,,M,38,4
380700,,M,38,3
380744,,M,27,4
380752,,M,48,5
380753,,M,20,5
380803,,M,55,5
380872,,M,27,3
380907,,M,15,3
381023,,M,62,5
381043,,M,38,1
381107,,M,27,4
381329,,M,30,5
381416,,M,14,5
381590,,M,44,5
381623,,M,19,1
381934,,M,25,4
382090,,F,39,4
382091,,M,39,5
382116,,M,23,3
382133,,M,29,2
382181,,M,49,5
382216,,M,27,4
382234,,M,44,4
382345,,F,54,4
382552,,M,47,5
382593,,F,20,4
382594,,M,53,5
382596,,M,43,5
382617,,M,26,4
382692,,M,21,5
382701,,M,58,4
382920,,M,41,4
382942,,M,17,5
382981,,F,17,4
383065,,M,33,3
383087,,M,25,4
383133,,M,45,5
383183,,M,48,4
383192,,F,19,4
383223,,F,24,3
383250,,M,31,5
383263,,M,26,4
383271,,M,34,5
383318,,M,55,4
383466,,M,30,5
383596,,M,62,5
383661,,F,47,4
383666,,M,18,5
383765,,M,53,5
383817,,M,33,5
383832,,M,58,5
383842,,F,35,4
383873,,M,18,4
383976,,M,38,2
384039,,M,31,4
384208,,M,43,2
384229,,M,28,5
384230,,F,42,4
384335,,M,30,4
384354,,M,58,5
384389,,M,35,3
384434,,M,23,4
384536,,M,38,5
384566,,M,17,3
384578,,M,34,4
384604,,M,53,4
384665,,M,47,4
384774,,M,18,5
384796,,M,27,5
384830,,M,41,5
384868,,M,47,5
384955,,M,45,3
385119,,M,54,5
385347,,M,51,4
385397,,M,26,5
385403,,F,31,4
385468,,F,45,4
385658,,M,58,5
385831,,M,26,4
385861,,M,29,5
386083,,M,15,5
386166,,M,17,5
386261,,F,14,4
386281,,M,19,4
386433,,M,19,4
386460,,M,57,5
386815,,M,30,3
386928,,M,43,3
387125,,M,49,5
387168,,M,22,3
387196,,M,43,4
387258,,M,29,3
387371,,M,16,5
387374,,M,22,5
387411,,M,12,5
387416,,M,34,5
387473,,M,45,4
387636,,F,45,4
387746,,F,35,4
387836,,F,34,4
387943,,F,45,4
387971,,M,37,4
388004,,M,40,4
388263,,M,66,5
388298,,M,22,4
388299,,M,51,5
388340,,M,48,4
388394,,F,32,4
388396,,M,13,5
388536,,M,26,5
388545,,M,45,5
388599,,F,47,4
388617,,F,73,4
388620,,M,44,5
388637,,M,15,5
388667,,M,22,4
388811,,M,16,5
388951,,M,32,5
389149,,M,14,5
389184,,F,11,4
389268,,M,18,4
389517,,M,35,3
389557,,M,12,5
389669,,F,26,4
389741,,M,34,3
389764,,M,59,5
389818,,M,11,5
389819,,M,13,5
389837,,M,25,5
390118,,F,24,4
390151,,M,22,5
390227,,F,27,2
390379,,M,41,4
390421,,M,24,1
390428,,M,21,4
390452,,M,18,5
390453,,M,17,5
390651,,M,39,5
390677,,M,22,5
390742,,M,31,4
390942,,F,35,4
391005,,M,52,5
391032,,M,34,4
391083,,F,22,4
391137,,M,57,4
391211,,M,30,4
391312,,M,35,5
391421,,M,35,5
391454,,M,48,5
391493,,M,27,4
391504,,M,24,4
391518,,M,28,4
391557,,M,43,4
391565,,M,50,5
391642,,M,51,4
391685,,M,31,5
391689,,M,49,5
391712,,M,41,5
391728,,M,40,4
391733,,M,38,4
391765,,M,46,4
391774,,M,19,4
391877,,F,31,2
391880,,M,29,4
391955,,F,50,4
391971,,M,55,4
391974,,M,43,3
391978,,M,52,3
391984,,M,31,4
391988,,F,49,4
391994,,M,67,5
391999,,M,32,4
392001,,M,38,4
392061,,M,46,4
392080,,M,54,4
392081,,M,52,5
392128,,F,30,4
392141,,F,30,4
392144,,F,32,3
392160,,F,45,4
392191,,M,49,4
392222,,M,49,4
392313,,M,46,4
392323,,M,42,5
392334,,M,48,4
392344,,M,32,5
392348,,M,40,4
392358,,M,30,4
392363,,F,29,3
392370,,F,31,4
392394,,M,56,4
392395,,F,44,4
392408,,M,56,4
392417,,F,44,4
392418,,M,40,4
392433,,M,55,4
392449,,M,52,5
392470,,M,12,5
392478,,M,56,5
392480,,M,24,4
392498,,F,40,4
392521,,M,45,5
392544,,F,37,4
392547,,F,29,4
392556,,M,21,5
392561,,F,16,3
392565,,M,42,4
392570,,F,21,4
392595,,M,31,4
392598,,M,21,4
392634,,F,30,4
392645,,F,27,3
392649,,M,35,5
392651,,F,28,2
392654,,M,42,4
392658,,M,45,4
392667,,M,27,3
392680,,M,35,5
392684,,F,50,4
392689,,M,31,5
392702,,M,18,5
392707,,M,46,4
392721,,M,31,5
392732,,M,51,5
392737,,M,42,4
392745,,M,43,5
392758,,M,40,4
392797,,M,43,4
392800,,M,52,5
392816,,M,52,5
392839,,M,63,5
392844,,M,23,5
392850,,M,57,5
392861,,M,48,5
392892,,M,17,4
392893,,M,15,4
392894,,M,27,4
392905,,M,28,3
392909,,F,27,2
392920,,M,39,4
392921,,F,39,4
392943,,F,52,4
392952,,M,27,4
392954,,M,47,4
392964,,M,40,5
392991,,M,15,5
393032,,F,52,4
393057,,F,55,4
393069,,M,26,4
393095,,M,31,4
393099,,M,20,4
393104,,M,36,4
393112,,F,39,4
393115,,M,38,4
393118,,M,40,5
393120,,M,25,4
393126,,M,23,4
393169,,F,32,4
393171,,M,47,4
393173,,M,41,4
393189,,F,32,4
393192,,M,49,5
393194,,F,42,4
393200,,M,36,4
393209,,F,30,3
393210,,F,27,4
393225,,F,47,4
393237,,M,47,4
393238,,M,52,4
393248,,M,36,4
393251,,F,35,2
393258,,M,19,5
393262,,M,42,3
393263,,M,21,4
393266,,F,32,3
393299,,M,46,5
393317,,M,64,4
393318,,M,26,5
393325,,M,37,4
393336,,M,56,5
393345,,M,16,5
393347,,M,52,5
393358,,F,15,4
393391,,M,39,4
393409,,M,25,5
393472,,M,29,4
393487,,M,10,5
393494,,M,21,5
393496,,M,42,4
393503,,F,25,4
393545,,M,53,5
393554,,M,12,5
393611,,M,57,5
393623,,M,29,4
393624,,M,52,5
393662,,M,35,5
393691,,M,44,5
393703,,M,58,5
393706,,M,18,5
393716,,M,15,4
393719,,M,46,4
393720,,M,56,5
393723,,M,29,4
393737,,M,15,5
393790,,M,34,5
393793,,M,28,4
393794,,M,25,4
393814,,M,28,5
393841,,M,39,5
393870,,M,70,5
393893,,M,21,5
393903,,M,17,5
393924,,M,22,4
393940,,F,19,4
393974,,F,40,4
394036,,M,22,5
394148,,M,14,5
394183,,M,21,4
394192,,F,44,4
394277,,M,38,4
394290,,M,10,5
394292,,M,46,3
394308,,F,35,4
394319,,M,33,4
394392,,M,54,4
394404,,M,28,3
394421,,M,17,4
394439,,F,41,3
394478,,M,48,5
394492,,M,19,3
394521,,M,23,5
394522,,M,36,4
394523,,M,52,3
394566,,F,64,4
394577,,M,16,5
394589,,M,30,3
394622,,M,47,5
394639,,M,32,3
394730,,F,39,3
394732,,M,27,4
394744,,M,27,4
394826,,M,22,5
394836,,F,27,3
394843,,M,18,5
394845,,M,24,4
394860,,M,15,5
394897,,F,59,4
394911,,M,40,4
394920,,M,32,4
394972,,M,23,4
394973,,M,37,4
395031,,M,39,5
395034,,M,52,5
395147,,M,52,4
395183,,M,52,4
395207,,M,21,4
395297,,M,31,5
395301,,M,28,4
395347,,M,17,5
395348,,M,38,4
395350,,M,59,5
395351,,F,55,4
395352,,F,35,4
395354,,M,36,5
395475,,M,29,4
395502,,F,30,2
395572,,M,43,5
395618,,M,38,5
395690,,M,25,5
395698,,F,53,4
395728,,M,14,4
395744,,M,34,4
395757,,M,22,4
395803,,F,50,4
395910,,M,47,4
396014,,M,12,5
396041,,M,14,4
396051,,M,12,5
396162,,M,37,4
396207,,M,20,5
396218,,M,17,5
396339,,F,43,3
396388,,M,46,4
396520,,M,38,5
396604,,M,23,5
396655,,F,28,4
396673,,M,27,5
396678,,M,19,4
396679,,M,47,5
396755,,M,17,5
396798,,F,33,4
396818,,M,44,4
396844,,M,35,5
396886,,M,52,4
396901,,F,18,3
396920,,M,41,4
396945,,M,41,5
396972,,M,26,5
397002,,M,20,4
397013,,M,22,4
397062,,M,40,3
397180,,F,37,4
397204,,M,38,5
397231,,M,41,4
397276,,M,30,5
397285,,M,23,4
397314,,M,24,4
397349,,M,50,5
397358,,F,30,2
397540,,M,37,5
397542,,M,58,5
397621,,M,17,5
397622,,M,33,5
397700,,M,23,4
397733,,M,32,2
397790,,F,32,4
397835,,M,15,4
398133,,M,53,5
399334,,M,17,5
399433,,M,17,5
399443,,M,30,5
399537,,F,34,4
399567,,F,27,4
399579,,M,26,5
399635,,M,39,5
399662,,M,17,5
399680,,F,33,4
399685,,M,16,5
399712,,M,45,5
399725,,M,41,5
399742,,M,17,5
399828,,M,35,5
399829,,M,47,4
399941,,M,23,5
399982,,M,25,5
399987,,F,29,3
400069,,M,62,4
400103,,M,17,4
400128,,M,36,5
400183,,F,36,4
400220,,M,27,4
400294,,F,43,4
400313,,M,37,5
400409,,M,18,5
400518,,M,32,2
400759,,M,37,4
400811,,M,15,4
400865,,M,26,5
400920,,M,24,5
400990,,F,35,4
401076,,F,26,2
401077,,M,27,5
401121,,M,58,5
401299,,M,37,5
401353,,M,40,4
401364,,F,25,2
401401,,M,49,5
401440,,M,38,4
401487,,M,28,5
401558,,M,18,4
401563,,M,52,5
401697,,M,49,5
401700,,M,30,4
401800,,M,29,5
401808,,M,16,4
401934,,M,58,5
402006,,F,54,4
402038,,M,33,4
402178,,F,15,4
402182,,M,17,5
402298,,M,60,5
402301,,F,16,4
402306,,M,53,5
402307,,M,46,4
402435,,M,61,5
402452,,M,51,5
402489,,M,36,4
402541,,M,40,4
402636,,M,18,4
402644,,M,30,5
402746,,F,36,4
402944,,F,28,3
402949,,F,54,4
403025,,M,56,5
403034,,M,28,5
403037,,F,33,4
403075,,M,59,5
403267,,F,51,4
403269,,F,34,4
403315,,M,39,5
403353,,M,17,5
403369,,M,39,5
403410,,M,19,4
403515,,M,39,5
403578,,F,47,4
403582,,M,28,4
403711,,M,23,5
403715,,M,36,5
403726,,M,12,5
403731,,M,22,2
403745,,F,16,4
403775,,M,21,5
403817,,F,33,4
403856,,M,45,5
404027,,M,33,3
404106,,M,54,5
404164,,F,44,4
404438,,F,25,4
404441,,M,66,5
404499,,F,36,4
404572,,M,46,5
404690,,M,12,5
404828,,M,49,3
404830,,M,17,5
404881,,M,49,5
404982,,F,38,4
405045,,M,57,5
405078,,M,28,5
405085,,M,74,5
405259,,F,15,4
405264,,M,29,5
405412,,M,36,3
405424,,M,29,4
405574,,F,57,4
405609,,M,37,5
405622,,M,16,5
405624,,M,17,5
405902,,F,32,4
405987,,F,32,4
405989,,F,52,4
406045,,M,24,5
406058,,M,30,5
406075,,M,28,5
406077,,M,13,5
406078,,M,43,4
406245,,M,11,5
406249,,M,17,5
406260,,M,38,5
406320,,M,48,5
406391,,F,16,4
406463,,M,48,5
406559,,M,27,4
406564,,M,32,5
406652,,M,34,3
406825,,M,38,5
406860,,M,26,4
406861,,M,28,5
406900,,F,49,4
407042,,M,16,5
407222,,M,13,5
407231,,M,19,3
407235,,F,58,4
407244,,M,45,4
407287,,M,15,5
407521,,M,58,4
407522,,M,32,4
407538,,M,23,5
407568,,M,16,4
407603,,F,54,4
407736,,M,18,5
408161,,M,47,5
408174,,M,23,5
408230,,M,28,5
408246,,M,44,5
408545,,M,25,5
409301,,M,63,5
409314,,F,24,4
409389,,M,29,3
410350,,M,18,5
410351,,M,12,5
410421,,M,30,5
410470,,M,24,5
410511,,M,27,5
410669,,M,29,5
410785,,M,41,5
410908,,M,52,5
410980,,M,44,5
411084,,M,59,5
411156,,M,16,5
411157,,M,17,5
411158,,M,17,5
411159,,M,13,5
411160,,M,17,5
411253,,M,28,4
411257,,M,15,3
411286,,M,38,3
411290,,M,28,5
411291,,M,19,5
411292,,F,43,4
411476,,M,39,4
411494,,F,14,4
411506,,M,25,4
411534,,M,44,5
411561,,M,45,5
411600,,M,49,5
411715,,M,32,5
411924,,F,28,4
411944,,F,16,4
411995,,M,32,5
412004,,M,52,4
412007,,M,20,5
412063,,M,54,4
412077,,M,59,4
412118,,M,29,5
412137,,M,49,5
412284,,M,47,3
412286,,M,29,5
412361,,F,31,4
412388,,M,43,5
412561,,M,18,5
412636,,M,27,4
412653,,M,40,5
412694,,M,43,5
412743,,M,17,5
412863,,M,28,5
413024,,M,28,5
413077,,M,48,5
413166,,M,30,5
413168,,M,31,4
413231,,M,48,4
413251,,M,38,5
413260,,M,32,5
413284,,M,48,5
413330,,M,30,4
413371,,M,47,5
413456,,F,33,3
413540,,M,33,4
413594,,M,30,4
413782,,M,26,5
413795,,M,30,4
413805,,M,46,5
413834,,M,41,5
413915,,F,44,4
413928,,M,23,5
413930,,M,44,5
413972,,M,26,5
414019,,M,26,5
414025,,M,46,5
414167,,M,32,5
414271,,M,26,5
414357,,M,50,5
414574,,M,24,5
414577,,M,19,5
414584,,M,32,4
414636,,M,39,4
414702,,F,36,4
414761,,M,50,5
414813,,M,57,5
414832,,M,19,5
414846,,M,39,5
414891,,F,37,4
415156,,M,23,4
415230,,M,21,5
415302,,M,14,5
415478,,M,28,4
415561,,F,47,4
415614,,M,25,4
416123,,M,22,5
416241,,M,14,5
416377,,M,27,5
416390,,M,19,5
416562,,M,48,4
416590,,M,48,5
416706,,F,30,4
416726,,M,20,5
416750,,M,44,4
416822,,M,15,5
416909,,M,44,5
416910,,F,20,4
416938,,M,35,5
416939,,M,23,4
416958,,M,23,5
417028,,M,17,5
417057,,M,25,4
417061,,M,54,4
417086,,M,26,5
417217,,M,25,4
417291,,F,60,4
417400,,M,20,5
417430,,M,21,5
417615,,M,24,4
417642,,F,47,4
417904,,M,30,3
417910,,M,16,5
417925,,M,42,5
417960,,M,17,5
417988,,M,42,5
418006,,M,45,5
418036,,M,27,5
418077,,M,40,5
418107,,M,55,5
418115,,M,49,4
418177,,M,18,5
418214,,M,55,5
418247,,M,16,5
418298,,M,43,5
418299,,F,35,4
418333,,M,49,4
418348,,M,28,5
418359,,M,42,4
418376,,M,40,5
418406,,M,41,5
418418,,F,39,4
418426,,M,20,4
418473,,M,41,4
418474,,M,15,5
418485,,M,47,4
418511,,M,28,5
418519,,F,19,4
418551,,M,31,4
418559,,F,13,4
418564,,F,30,3
418569,,M,41,4
418571,,M,25,5
418575,,M,41,4
418576,,M,30,5
418883,,M,64,4
418886,,M,57,5
418893,,M,49,4
418909,,M,44,3
418915,,M,26,4
418940,,M,34,5
418944,,M,38,4
418971,,M,65,4
418973,,M,36,4
418994,,M,36,4
419011,,F,44,4
419014,,M,55,4
419026,,M,60,5
419029,,M,48,5
419039,,M,33,5
419046,,M,55,5
419049,,M,29,4
419053,,M,45,5
419057,,M,34,5
419062,,M,21,5
419075,,M,17,5
419077,,F,31,4
419078,,M,37,4
419084,,M,55,5
419085,,M,39,5
419090,,M,10,5
419115,,M,40,5
419121,,M,29,4
419131,,M,49,5
419151,,M,31,5
419153,,M,44,5
419174,,M,34,5
419176,,M,39,5
419190,,F,20,3
419191,,M,52,5
419196,,M,57,5
419214,,M,27,4
419217,,F,28,3
419227,,M,34,5
419240,,M,17,4
419242,,M,14,5
419245,,M,35,5
419274,,M,36,4
419278,,M,34,4
419285,,M,70,5
419287,,M,23,5
419289,,M,39,5
419298,,M,65,5
419317,,M,23,5
419329,,F,27,4
419330,,M,52,5
419364,,M,55,4
419369,,F,33,4
419384,,M,50,5
419385,,M,42,5
419404,,M,44,5
419410,,M,40,5
419446,,M,31,5
419450,,M,46,4
419454,,M,56,4
419916,,M,29,4
419919,,M,43,5
419924,,M,48,5
419925,,M,49,4
419932,,M,50,5
419934,,M,25,5
419936,,M,35,5
419937,,F,45,2
419961,,F,28,4
419963,,M,62,5
419964,,M,37,5
419967,,F,24,4
419968,,M,43,5
419981,,F,24,3
420003,,M,26,4
420020,,M,34,5
420035,,M,48,5
420048,,M,33,3
420051,,M,41,5
420053,,M,46,4
420058,,M,30,4
420060,,M,23,4
420082,,F,47,4
420086,,F,36,3
420096,,M,40,4
420098,,M,19,5
420101,,M,43,4
420102,,M,26,5
420105,,F,31,4
420107,,M,26,3
420109,,M,41,5
420115,,F,50,4
420125,,M,16,4
420129,,M,35,4
420130,,M,10,5
420132,,M,41,5
420135,,M,53,5
420148,,M,38,5
420154,,M,45,5
420156,,M,36,5
420158,,F,25,2
420161,,M,58,5
420170,,M,28,5
420171,,M,10,5
420175,,M,17,5
420192,,M,29,5
420196,,M,43,5
420200,,F,48,4
420203,,F,31,4
420207,,M,43,5
420232,,M,31,4
420237,,F,27,4
421160,,F,54,4
421166,,M,15,5
421168,,F,30,4
421169,,M,41,5
421174,,M,31,5
421177,,M,40,5
421194,,M,35,5
421198,,F,40,4
421199,,M,28,4
421201,,M,30,4
421204,,M,24,5
421210,,M,44,5
422115,,M,21,5
422124,,M,16,5
422132,,M,42,4
422135,,F,43,4
422138,,M,57,4
422141,,F,44,4
422176,,M,18,4
422178,,F,29,4
422179,,M,16,5
422180,,M,16,5
422181,,M,23,4
422185,,M,32,5
422186,,M,46,4
422199,,M,31,5
422219,,F,25,3
422230,,M,49,5
422234,,M,16,5
422238,,F,14,4
422246,,F,36,4
422270,,M,22,4
422283,,M,18,5
422301,,M,50,5
422309,,M,44,5
422315,,M,17,4
422324,,M,15,4
422331,,M,20,5
422332,,M,48,5
422339,,M,14,5
422350,,M,52,5
422365,,M,27,4
422369,,M,50,5
422374,,F,37,4
422377,,M,34,5
422387,,F,37,4
422390,,F,19,4
422398,,M,16,5
422402,,F,36,4
422410,,F,11,4
422414,,M,10,5
422431,,M,19,5
422448,,M,30,5
422451,,M,28,5
422493,,F,49,4
422513,,M,16,5
422534,,F,31,4
422536,,F,31,4
422546,,M,52,5
422550,,M,19,5
422579,,F,31,4
422588,,F,35,3
422601,,M,45,4
422620,,M,17,5
422653,,M,24,5
422666,,M,41,5
422693,,M,35,2
422708,,F,23,3
422710,,M,38,5
422725,,M,16,5
422726,,M,54,5
422756,,M,14,5
422830,,M,17,5
422843,,M,29,5
422866,,M,16,5
422868,,M,44,5
422871,,M,52,5
422872,,M,32,4
422898,,M,12,5
422927,,M,52,5
422949,,M,22,4
422955,,M,52,5
422966,,F,37,4
422972,,M,40,4
422993,,M,19,5
423005,,M,46,5
423018,,M,25,5
423027,,F,21,4
423031,,M,50,5
423036,,M,37,4
423037,,M,69,5
423076,,M,35,4
423118,,M,44,5
423126,,M,39,5
423128,,M,31,4
423129,,M,26,4
423130,,M,20,5
423139,,M,23,5
423150,,F,22,4
423181,,M,39,4
423193,,M,10,5
423194,,M,14,5
423196,,M,13,5
423197,,M,15,5
423198,,F,25,4
423199,,F,53,4
423200,,M,29,3
423201,,M,32,5
423210,,M,28,4
423211,,M,24,5
423212,,M,37,5
423213,,M,29,5
423214,,M,32,5
423218,,M,30,4
423220,,M,48,5
423222,,M,35,5
423223,,M,30,5
423228,,M,21,4
423263,,M,25,3
423276,,M,45,4
423289,,M,26,5
423308,,F,27,2
423319,,M,13,5
423321,,M,18,5
423325,,M,23,5
423327,,M,26,5
423400,,M,56,5
423408,,M,14,5
423425,,M,11,5
423456,,M,24,4
423463,,M,28,5
423465,,M,34,5
423467,,M,48,5
423468,,M,23,5
423469,,M,26,5
423471,,M,22,3
423500,,M,40,5
423511,,M,38,5
423542,,M,33,5
423545,,M,26,5
423562,,M,52,5
423570,,M,67,5
423588,,M,38,5
423596,,F,47,4
423654,,M,11,5
423665,,M,39,5
423669,,M,37,4
423727,,M,23,5
423728,,M,18,5
423752,,M,42,5
423757,,M,30,5
423764,,M,13,5
423771,,M,42,5
423838,,M,27,2
423854,,M,13,2
423869,,F,19,4
423939,,M,24,5
423942,,F,48,4
423955,,M,48,5
423968,,M,53,5
423977,,F,29,4
423978,,M,35,5
423983,,M,15,5
423986,,M,30,4
424007,,M,43,5
424014,,M,24,5
424039,,M,21,5
424052,,F,23,4
424063,,M,9,5
424068,,M,22,5
424080,,F,52,4
424087,,M,25,3
424090,,M,21,5
424091,,M,19,5
424097,,F,15,4
424100,,F,30,4
424106,,M,19,5
424117,,M,26,5
424131,,M,42,5
424203,,M,42,5
424221,,M,38,5
424223,,M,12,5
424241,,M,40,5
424247,,M,25,5
424254,,M,43,5
424276,,M,26,5
424277,,F,14,4
424279,,M,16,4
424287,,M,40,4
424317,,M,13,5
424336,,F,32,4
424356,,M,16,5
424364,,M,21,5
424388,,M,17,5
424400,,M,17,5
424468,,M,27,5
424476,,M,35,5
424532,,M,48,4
424537,,M,14,5
424539,,M,14,5
424610,,M,23,5
424709,,F,28,4
424720,,M,34,5
424722,,M,34,5
424724,,M,59,5
424727,,M,18,5
424728,,F,47,4
424729,,M,15,4
424803,,M,31,5
424854,,M,17,5
424915,,M,21,5
424916,,M,21,5
424938,,M,29,5
425058,,F,47,4
425068,,M,21,5
425136,,M,19,4
425142,,M,68,5
425203,,F,29,4
425273,,M,48,5
425279,,M,30,5
425432,,M,45,4
425482,,M,52,5
425564,,M,31,5
425783,,M,58,5
425929,,M,17,5
425941,,M,17,5
425943,,M,47,4
426071,,M,32,4
426122,,M,17,5
426132,,M,31,5
426163,,F,16,4
426214,,M,24,5
426443,,M,42,5
426463,,M,45,5
426524,,M,22,5
427350,,F,35,4
427414,,M,36,4
427473,,M,44,5
427475,,M,21,5
427738,,M,21,5
427773,,F,13,4
427786,,M,13,5
427788,,M,17,5
427862,,M,47,5
427956,,F,30,4
428036,,M,30,5
428101,,M,18,5
428122,,M,38,5
428158,,M,29,5
428263,,M,47,5
428297,,F,64,4
428404,,M,40,5
428415,,M,28,5
428420,,M,14,5
428443,,M,54,5
428453,,M,16,5
428477,,M,17,5
428500,,M,43,5
428512,,M,16,5
428517,,M,42,5
428563,,M,21,5
428615,,M,32,5
428632,,M,26,5
428713,,M,39,5
428783,,M,41,5
428812,,M,24,4
428822,,M,49,5
428863,,F,17,5
428921,,M,31,5
428937,,M,33,5
429017,,M,13,5
429018,,F,47,4
429042,,M,46,5
429079,,M,47,5
429102,,M,15,5
429129,,M,17,5
429144,,M,59,5
429149,,M,16,5
429180,,M,52,5
429192,,M,21,5
429246,,M,17,5
429257,,M,14,5
429274,,F,25,4
429298,,M,44,5
429300,,M,26,5
429345,,M,13,5
429347,,F,17,4
429365,,M,35,5
429372,,M,41,5
429417,,M,17,5
429451,,M,16,5
429487,,M,60,5
429526,,M,42,5
429531,,M,16,5
429542,,F,37,4
429563,,M,33,5
429614,,M,16,5
429692,,M,14,5
429694,,M,15,5
429744,,M,56,5
429756,,M,26,5
429819,,M,29,5
429828,,M,31,5
429854,,M,16,5
429876,,M,17,5
429942,,M,30,5
429974,,M,23,5
430018,,M,45,5
430129,,M,18,5
430153,,M,55,5
430179,,M,40,5
430223,,M,14,5
430233,,M,55,5
430261,,M,16,5
430288,,M,31,5
430344,,F,38,4
430355,,M,53,5
430384,,M,29,5
430447,,M,29,5
430462,,M,14,5
430490,,M,9,5
430560,,M,35,5
430578,,M,40,5
430581,,F,41,4
430587,,M,46,5
430629,,M,25,5
430637,,M,18,5
430662,,M,23,5
430665,,M,39,5
430683,,F,18,4
430684,,M,46,5
430685,,F,35,4
430721,,M,38,5
430737,,M,16,5
430746,,M,9,5
431014,,M,17,5
431020,,F,30,4
431092,,M,50,5
431109,,M,16,5
431154,,M,24,5
431212,,M,46,3
431287,,M,17,5
431303,,M,37,5
431326,,M,16,5
431336,,M,55,5
431343,,M,49,4
431405,,M,55,5
431426,,M,18,5
431440,,F,46,4
431465,,M,33,5
431537,,M,16,5
431541,,M,17,5
431579,,M,13,5
431597,,M,50,5
431600,,M,16,5
431703,,M,17,5
431769,,M,45,5
431834,,M,20,5
431864,,M,55,5
432113,,M,62,5
432171,,M,49,5
432257,,M,17,5
432258,,M,10,5
432263,,M,42,5
432327,,M,23,5
432331,,F,45,4
432655,,M,25,2
432710,,M,42,5
432784,,M,48,5
432802,,M,14,5
432803,,F,18,4
432804,,M,13,5
432805,,M,14,5
432825,,F,38,4
432854,,M,36,5
432855,,M,39,5
432858,,M,14,5
432859,,M,16,5
432860,,M,16,5
432862,,M,14,5
432865,,M,18,5
432866,,M,15,5
432868,,F,12,4
432876,,M,17,5
432880,,M,16,5
432882,,M,17,5
432884,,M,17,5
432885,,M,17,5
432886,,M,15,5
432887,,M,16,5
432898,,M,17,5
432901,,M,54,5
432928,,M,52,5
432930,,M,26,5
432931,,M,26,5
432933,,M,31,5
432941,,M,45,5
432943,,M,31,5
432969,,M,30,3
433205,,M,24,4
433279,,M,16,5
433390,,M,52,5
433421,,M,72,5
433423,,M,58,5
433504,,M,28,5
433527,,M,48,5
433701,,M,29,5
433845,,M,29,5
433892,,F,53,4
433902,,M,55,4
433907,,M,60,5
434111,,M,36,5
434144,,M,30,5
434147,,M,53,5
434248,,M,35,5
434312,,M,38,5
434411,,M,46,5
434473,,M,16,5
434534,,M,10,5
434565,,M,29,5
434582,,M,31,5
434584,,M,34,5
434630,,M,28,5
434661,,M,16,5
434736,,M,48,5
434751,,M,15,5
434884,,F,42,4
434946,,M,42,5
435083,,M,58,5
435097,,M,44,5
435102,,M,12,5
435208,,M,43,5
435251,,F,23,4
435413,,M,19,5
437348,,M,62,5
437353,,M,45,5
437361,,F,22,4
437364,,M,17,5
437384,,M,41,5
437917,,M,52,5
437918,,M,62,5
438011,,M,39,5
438028,,M,26,5
438033,,M,29,5
438201,,F,26,4
438292,,M,70,5
438293,,F,35,4
438534,,M,18,5
438655,,M,14,5
438680,,F,16,4
438714,,M,49,5
438760,,M,27,4
438762,,M,50,5
438781,,F,26,4
438862,,M,46,5
438878,,M,11,5
438898,,M,32,5
438914,,F,62,4
438960,,M,13,4
438968,,F,38,4
438991,,M,19,5
439017,,M,11,5
439034,,M,17,5
439167,,M,45,5
439172,,M,44,5
439431,,M,29,5
439509,,M,23,5
439570,,M,32,5
439627,,M,15,5
439636,,M,16,5
439665,,M,16,5
439693,,M,17,5
439739,,M,35,5
439816,,F,39,4
439891,,M,29,5
440045,,M,27,5
440199,,M,33,5
440274,,M,39,5
440333,,M,11,5
440420,,M,16,5
440431,,M,68,5
440433,,M,26,5
440466,,F,29,4
440491,,M,34,5
440553,,M,28,5
440626,,M,16,5
440638,,M,15,5
440734,,M,34,5
440737,,M,14,5
440755,,M,34,5
442766,,M,51,5
442880,,M,24,5
443017,,M,62,5
443066,,M,39,5
443081,,M,42,5
443093,,M,28,5
443105,,M,27,5
443137,,M,16,5
443138,,M,22,5
443219,,M,37,5
443222,,M,29,5
443269,,M,39,5
443276,,M,41,5
443277,,M,26,5
443350,,M,63,5
443458,,M,37,5
443851,,F,25,4
448131,,M,40,5
448391,,M,38,5
448403,,M,24,5
448406,,F,55,4
448475,,F,39,4
448520,,M,33,5
448606,,M,13,5
448774,,M,35,5
448776,,M,59,5
448809,,M,25,5
449207,,M,36,5
449261,,M,37,5
